room,variant,relation,n,baseline_acc,repair_acc,gain
bedroom,floor_direct_yfix_mesh_p2_close0.75_far1.6,0,15,0.8,0.7333333333333333,-0.06666666666666676
bedroom,floor_direct_yfix_mesh_p2_close0.75_far1.6,1,46,0.6956521739130435,0.8043478260869565,0.10869565217391308
bedroom,floor_direct_yfix_mesh_p2_close0.75_far1.6,2,45,0.8444444444444444,0.9555555555555556,0.11111111111111116
bedroom,floor_direct_yfix_mesh_p2_close0.75_far1.6,3,3,0.6666666666666666,1.0,0.33333333333333337
bedroom,floor_direct_yfix_mesh_p2_close0.75_far1.6,4,1,0.0,1.0,1.0
bedroom,floor_direct_yfix_mesh_p2_close0.75_far1.6,5,20,1.0,0.95,-0.050000000000000044
bedroom,floor_direct_yfix_mesh_p2_close0.75_far1.6,6,58,0.6724137931034483,0.8793103448275862,0.2068965517241379
bedroom,floor_direct_yfix_mesh_p2_close0.75_far1.6,7,55,0.6909090909090909,0.8727272727272727,0.18181818181818177
bedroom,floor_direct_yfix_mesh_p2_close0.75_far1.6,9,2,0.0,0.5,0.5
bedroom,floor_prior_max0.8_mesh_p2_close0.75_far1.6,0,15,0.8,0.8,0.0
bedroom,floor_prior_max0.8_mesh_p2_close0.75_far1.6,1,46,0.6956521739130435,0.7391304347826086,0.04347826086956519
bedroom,floor_prior_max0.8_mesh_p2_close0.75_far1.6,2,45,0.8444444444444444,0.9111111111111111,0.06666666666666665
bedroom,floor_prior_max0.8_mesh_p2_close0.75_far1.6,3,3,0.6666666666666666,1.0,0.33333333333333337
bedroom,floor_prior_max0.8_mesh_p2_close0.75_far1.6,4,1,0.0,1.0,1.0
bedroom,floor_prior_max0.8_mesh_p2_close0.75_far1.6,5,20,1.0,1.0,0.0
bedroom,floor_prior_max0.8_mesh_p2_close0.75_far1.6,6,58,0.6724137931034483,0.7413793103448276,0.06896551724137934
bedroom,floor_prior_max0.8_mesh_p2_close0.75_far1.6,7,55,0.6909090909090909,0.7272727272727273,0.036363636363636376
bedroom,floor_prior_max0.8_mesh_p2_close0.75_far1.6,9,2,0.0,0.5,0.5
bedroom,floor_prior_max1.2_mesh_p2_close0.75_far1.6,0,15,0.8,0.8,0.0
bedroom,floor_prior_max1.2_mesh_p2_close0.75_far1.6,1,46,0.6956521739130435,0.782608695652174,0.08695652173913049
bedroom,floor_prior_max1.2_mesh_p2_close0.75_far1.6,2,45,0.8444444444444444,0.9111111111111111,0.06666666666666665
bedroom,floor_prior_max1.2_mesh_p2_close0.75_far1.6,3,3,0.6666666666666666,1.0,0.33333333333333337
bedroom,floor_prior_max1.2_mesh_p2_close0.75_far1.6,4,1,0.0,1.0,1.0
bedroom,floor_prior_max1.2_mesh_p2_close0.75_far1.6,5,20,1.0,1.0,0.0
bedroom,floor_prior_max1.2_mesh_p2_close0.75_far1.6,6,58,0.6724137931034483,0.7931034482758621,0.12068965517241381
bedroom,floor_prior_max1.2_mesh_p2_close0.75_far1.6,7,55,0.6909090909090909,0.7636363636363637,0.07272727272727275
bedroom,floor_prior_max1.2_mesh_p2_close0.75_far1.6,9,2,0.0,0.5,0.5
bedroom,floor_prior_max1.8_mesh_p1_close0.75_far1.6,0,15,0.8,0.8,0.0
bedroom,floor_prior_max1.8_mesh_p1_close0.75_far1.6,1,46,0.6956521739130435,0.7608695652173914,0.0652173913043479
bedroom,floor_prior_max1.8_mesh_p1_close0.75_far1.6,2,45,0.8444444444444444,0.9111111111111111,0.06666666666666665
bedroom,floor_prior_max1.8_mesh_p1_close0.75_far1.6,3,3,0.6666666666666666,1.0,0.33333333333333337
bedroom,floor_prior_max1.8_mesh_p1_close0.75_far1.6,4,1,0.0,1.0,1.0
bedroom,floor_prior_max1.8_mesh_p1_close0.75_far1.6,5,20,1.0,1.0,0.0
bedroom,floor_prior_max1.8_mesh_p1_close0.75_far1.6,6,58,0.6724137931034483,0.7931034482758621,0.12068965517241381
bedroom,floor_prior_max1.8_mesh_p1_close0.75_far1.6,7,55,0.6909090909090909,0.8181818181818182,0.12727272727272732
bedroom,floor_prior_max1.8_mesh_p1_close0.75_far1.6,9,2,0.0,0.5,0.5
bedroom,floor_prior_max1.8_mesh_p2_close0.75_far1.6,0,15,0.8,0.8,0.0
bedroom,floor_prior_max1.8_mesh_p2_close0.75_far1.6,1,46,0.6956521739130435,0.782608695652174,0.08695652173913049
bedroom,floor_prior_max1.8_mesh_p2_close0.75_far1.6,2,45,0.8444444444444444,0.9111111111111111,0.06666666666666665
bedroom,floor_prior_max1.8_mesh_p2_close0.75_far1.6,3,3,0.6666666666666666,1.0,0.33333333333333337
bedroom,floor_prior_max1.8_mesh_p2_close0.75_far1.6,4,1,0.0,1.0,1.0
bedroom,floor_prior_max1.8_mesh_p2_close0.75_far1.6,5,20,1.0,1.0,0.0
bedroom,floor_prior_max1.8_mesh_p2_close0.75_far1.6,6,58,0.6724137931034483,0.8103448275862069,0.13793103448275856
bedroom,floor_prior_max1.8_mesh_p2_close0.75_far1.6,7,55,0.6909090909090909,0.8181818181818182,0.12727272727272732
bedroom,floor_prior_max1.8_mesh_p2_close0.75_far1.6,9,2,0.0,0.5,0.5
bedroom,floor_prior_max1.8_mesh_p3_close0.75_far1.6,0,15,0.8,0.8,0.0
bedroom,floor_prior_max1.8_mesh_p3_close0.75_far1.6,1,46,0.6956521739130435,0.782608695652174,0.08695652173913049
bedroom,floor_prior_max1.8_mesh_p3_close0.75_far1.6,2,45,0.8444444444444444,0.9111111111111111,0.06666666666666665
bedroom,floor_prior_max1.8_mesh_p3_close0.75_far1.6,3,3,0.6666666666666666,1.0,0.33333333333333337
bedroom,floor_prior_max1.8_mesh_p3_close0.75_far1.6,4,1,0.0,1.0,1.0
bedroom,floor_prior_max1.8_mesh_p3_close0.75_far1.6,5,20,1.0,1.0,0.0
bedroom,floor_prior_max1.8_mesh_p3_close0.75_far1.6,6,58,0.6724137931034483,0.8103448275862069,0.13793103448275856
bedroom,floor_prior_max1.8_mesh_p3_close0.75_far1.6,7,55,0.6909090909090909,0.8181818181818182,0.12727272727272732
bedroom,floor_prior_max1.8_mesh_p3_close0.75_far1.6,9,2,0.0,0.5,0.5
bedroom,floor_prior_ow05_max1.8_mesh_p2_close0.75_far1.6,0,15,0.8,0.8,0.0
bedroom,floor_prior_ow05_max1.8_mesh_p2_close0.75_far1.6,1,46,0.6956521739130435,0.782608695652174,0.08695652173913049
bedroom,floor_prior_ow05_max1.8_mesh_p2_close0.75_far1.6,2,45,0.8444444444444444,0.9111111111111111,0.06666666666666665
bedroom,floor_prior_ow05_max1.8_mesh_p2_close0.75_far1.6,3,3,0.6666666666666666,1.0,0.33333333333333337
bedroom,floor_prior_ow05_max1.8_mesh_p2_close0.75_far1.6,4,1,0.0,1.0,1.0
bedroom,floor_prior_ow05_max1.8_mesh_p2_close0.75_far1.6,5,20,1.0,1.0,0.0
bedroom,floor_prior_ow05_max1.8_mesh_p2_close0.75_far1.6,6,58,0.6724137931034483,0.8103448275862069,0.13793103448275856
bedroom,floor_prior_ow05_max1.8_mesh_p2_close0.75_far1.6,7,55,0.6909090909090909,0.8181818181818182,0.12727272727272732
bedroom,floor_prior_ow05_max1.8_mesh_p2_close0.75_far1.6,9,2,0.0,0.5,0.5
bedroom,floor_prior_ow0_max1.8_mesh_p2_close0.75_far1.6,0,15,0.8,0.8,0.0
bedroom,floor_prior_ow0_max1.8_mesh_p2_close0.75_far1.6,1,46,0.6956521739130435,0.782608695652174,0.08695652173913049
bedroom,floor_prior_ow0_max1.8_mesh_p2_close0.75_far1.6,2,45,0.8444444444444444,0.9111111111111111,0.06666666666666665
bedroom,floor_prior_ow0_max1.8_mesh_p2_close0.75_far1.6,3,3,0.6666666666666666,1.0,0.33333333333333337
bedroom,floor_prior_ow0_max1.8_mesh_p2_close0.75_far1.6,4,1,0.0,1.0,1.0
bedroom,floor_prior_ow0_max1.8_mesh_p2_close0.75_far1.6,5,20,1.0,1.0,0.0
bedroom,floor_prior_ow0_max1.8_mesh_p2_close0.75_far1.6,6,58,0.6724137931034483,0.8103448275862069,0.13793103448275856
bedroom,floor_prior_ow0_max1.8_mesh_p2_close0.75_far1.6,7,55,0.6909090909090909,0.8181818181818182,0.12727272727272732
bedroom,floor_prior_ow0_max1.8_mesh_p2_close0.75_far1.6,9,2,0.0,0.5,0.5
bedroom,floor_prior_ow2_max1.8_mesh_p2_close0.75_far1.6,0,15,0.8,0.8,0.0
bedroom,floor_prior_ow2_max1.8_mesh_p2_close0.75_far1.6,1,46,0.6956521739130435,0.782608695652174,0.08695652173913049
bedroom,floor_prior_ow2_max1.8_mesh_p2_close0.75_far1.6,2,45,0.8444444444444444,0.9111111111111111,0.06666666666666665
bedroom,floor_prior_ow2_max1.8_mesh_p2_close0.75_far1.6,3,3,0.6666666666666666,1.0,0.33333333333333337
bedroom,floor_prior_ow2_max1.8_mesh_p2_close0.75_far1.6,4,1,0.0,1.0,1.0
bedroom,floor_prior_ow2_max1.8_mesh_p2_close0.75_far1.6,5,20,1.0,1.0,0.0
bedroom,floor_prior_ow2_max1.8_mesh_p2_close0.75_far1.6,6,58,0.6724137931034483,0.8103448275862069,0.13793103448275856
bedroom,floor_prior_ow2_max1.8_mesh_p2_close0.75_far1.6,7,55,0.6909090909090909,0.8181818181818182,0.12727272727272732
bedroom,floor_prior_ow2_max1.8_mesh_p2_close0.75_far1.6,9,2,0.0,0.5,0.5
bedroom,floor_prior_seed1_max1.8_mesh_p2_close0.75_far1.6,0,15,1.0,1.0,0.0
bedroom,floor_prior_seed1_max1.8_mesh_p2_close0.75_far1.6,1,46,0.8478260869565217,0.8695652173913043,0.021739130434782594
bedroom,floor_prior_seed1_max1.8_mesh_p2_close0.75_far1.6,2,45,0.8666666666666667,0.9333333333333333,0.06666666666666665
bedroom,floor_prior_seed1_max1.8_mesh_p2_close0.75_far1.6,3,3,0.3333333333333333,0.6666666666666666,0.3333333333333333
bedroom,floor_prior_seed1_max1.8_mesh_p2_close0.75_far1.6,4,1,0.0,1.0,1.0
bedroom,floor_prior_seed1_max1.8_mesh_p2_close0.75_far1.6,5,20,0.9,0.9,0.0
bedroom,floor_prior_seed1_max1.8_mesh_p2_close0.75_far1.6,6,58,0.6551724137931034,0.8275862068965517,0.1724137931034483
bedroom,floor_prior_seed1_max1.8_mesh_p2_close0.75_far1.6,7,55,0.7454545454545455,0.9090909090909091,0.16363636363636358
bedroom,floor_prior_seed1_max1.8_mesh_p2_close0.75_far1.6,9,2,0.0,0.0,0.0
bedroom,floor_prior_seed2_max1.8_mesh_p2_close0.75_far1.6,0,15,0.9333333333333333,0.9333333333333333,0.0
bedroom,floor_prior_seed2_max1.8_mesh_p2_close0.75_far1.6,1,46,0.6956521739130435,0.8043478260869565,0.10869565217391308
bedroom,floor_prior_seed2_max1.8_mesh_p2_close0.75_far1.6,2,45,0.8888888888888888,0.9111111111111111,0.022222222222222254
bedroom,floor_prior_seed2_max1.8_mesh_p2_close0.75_far1.6,3,3,0.3333333333333333,1.0,0.6666666666666667
bedroom,floor_prior_seed2_max1.8_mesh_p2_close0.75_far1.6,4,1,0.0,0.0,0.0
bedroom,floor_prior_seed2_max1.8_mesh_p2_close0.75_far1.6,5,20,0.85,0.85,0.0
bedroom,floor_prior_seed2_max1.8_mesh_p2_close0.75_far1.6,6,58,0.6379310344827587,0.8448275862068966,0.2068965517241379
bedroom,floor_prior_seed2_max1.8_mesh_p2_close0.75_far1.6,7,55,0.7818181818181819,0.9090909090909091,0.1272727272727272
bedroom,floor_prior_seed2_max1.8_mesh_p2_close0.75_far1.6,9,2,0.0,0.5,0.5
diningroom,floor_direct_yfix_mesh_p2_close0.75_far1.6,0,1,1.0,1.0,0.0
diningroom,floor_direct_yfix_mesh_p2_close0.75_far1.6,1,42,0.4523809523809524,0.8095238095238095,0.35714285714285715
diningroom,floor_direct_yfix_mesh_p2_close0.75_far1.6,2,50,0.64,0.72,0.07999999999999996
diningroom,floor_direct_yfix_mesh_p2_close0.75_far1.6,3,20,0.8,0.9,0.09999999999999998
diningroom,floor_direct_yfix_mesh_p2_close0.75_far1.6,4,21,0.7142857142857143,0.9047619047619048,0.19047619047619047
diningroom,floor_direct_yfix_mesh_p2_close0.75_far1.6,5,14,0.9285714285714286,0.9285714285714286,0.0
diningroom,floor_direct_yfix_mesh_p2_close0.75_far1.6,6,53,0.4339622641509434,0.7169811320754716,0.28301886792452824
diningroom,floor_direct_yfix_mesh_p2_close0.75_far1.6,7,36,0.4722222222222222,0.6666666666666666,0.19444444444444442
diningroom,floor_direct_yfix_mesh_p2_close0.75_far1.6,8,19,0.631578947368421,0.8947368421052632,0.26315789473684215
diningroom,floor_direct_yfix_mesh_p2_close0.75_far1.6,9,13,0.9230769230769231,1.0,0.07692307692307687
diningroom,floor_prior_max0.8_mesh_p2_close0.75_far1.6,0,1,1.0,1.0,0.0
diningroom,floor_prior_max0.8_mesh_p2_close0.75_far1.6,1,42,0.4523809523809524,0.5952380952380952,0.14285714285714285
diningroom,floor_prior_max0.8_mesh_p2_close0.75_far1.6,2,50,0.64,0.68,0.040000000000000036
diningroom,floor_prior_max0.8_mesh_p2_close0.75_far1.6,3,20,0.8,0.9,0.09999999999999998
diningroom,floor_prior_max0.8_mesh_p2_close0.75_far1.6,4,21,0.7142857142857143,0.7619047619047619,0.04761904761904756
diningroom,floor_prior_max0.8_mesh_p2_close0.75_far1.6,5,14,0.9285714285714286,0.9285714285714286,0.0
diningroom,floor_prior_max0.8_mesh_p2_close0.75_far1.6,6,53,0.4339622641509434,0.5660377358490566,0.13207547169811318
diningroom,floor_prior_max0.8_mesh_p2_close0.75_far1.6,7,36,0.4722222222222222,0.5277777777777778,0.05555555555555558
diningroom,floor_prior_max0.8_mesh_p2_close0.75_far1.6,8,19,0.631578947368421,0.7894736842105263,0.1578947368421053
diningroom,floor_prior_max0.8_mesh_p2_close0.75_far1.6,9,13,0.9230769230769231,0.9230769230769231,0.0
diningroom,floor_prior_max1.2_mesh_p2_close0.75_far1.6,0,1,1.0,1.0,0.0
diningroom,floor_prior_max1.2_mesh_p2_close0.75_far1.6,1,42,0.4523809523809524,0.6666666666666666,0.21428571428571425
diningroom,floor_prior_max1.2_mesh_p2_close0.75_far1.6,2,50,0.64,0.7,0.05999999999999994
diningroom,floor_prior_max1.2_mesh_p2_close0.75_far1.6,3,20,0.8,0.9,0.09999999999999998
diningroom,floor_prior_max1.2_mesh_p2_close0.75_far1.6,4,21,0.7142857142857143,0.8095238095238095,0.09523809523809523
diningroom,floor_prior_max1.2_mesh_p2_close0.75_far1.6,5,14,0.9285714285714286,0.9285714285714286,0.0
diningroom,floor_prior_max1.2_mesh_p2_close0.75_far1.6,6,53,0.4339622641509434,0.6037735849056604,0.16981132075471694
diningroom,floor_prior_max1.2_mesh_p2_close0.75_far1.6,7,36,0.4722222222222222,0.5555555555555556,0.08333333333333337
diningroom,floor_prior_max1.2_mesh_p2_close0.75_far1.6,8,19,0.631578947368421,0.8421052631578947,0.21052631578947367
diningroom,floor_prior_max1.2_mesh_p2_close0.75_far1.6,9,13,0.9230769230769231,1.0,0.07692307692307687
diningroom,floor_prior_max1.8_mesh_p1_close0.75_far1.6,0,1,1.0,1.0,0.0
diningroom,floor_prior_max1.8_mesh_p1_close0.75_far1.6,1,42,0.4523809523809524,0.6904761904761905,0.23809523809523808
diningroom,floor_prior_max1.8_mesh_p1_close0.75_far1.6,2,50,0.64,0.68,0.040000000000000036
diningroom,floor_prior_max1.8_mesh_p1_close0.75_far1.6,3,20,0.8,0.85,0.04999999999999993
diningroom,floor_prior_max1.8_mesh_p1_close0.75_far1.6,4,21,0.7142857142857143,0.9047619047619048,0.19047619047619047
diningroom,floor_prior_max1.8_mesh_p1_close0.75_far1.6,5,14,0.9285714285714286,0.9285714285714286,0.0
diningroom,floor_prior_max1.8_mesh_p1_close0.75_far1.6,6,53,0.4339622641509434,0.6226415094339622,0.18867924528301883
diningroom,floor_prior_max1.8_mesh_p1_close0.75_far1.6,7,36,0.4722222222222222,0.6388888888888888,0.16666666666666663
diningroom,floor_prior_max1.8_mesh_p1_close0.75_far1.6,8,19,0.631578947368421,0.8421052631578947,0.21052631578947367
diningroom,floor_prior_max1.8_mesh_p1_close0.75_far1.6,9,13,0.9230769230769231,1.0,0.07692307692307687
diningroom,floor_prior_max1.8_mesh_p2_close0.75_far1.6,0,1,1.0,1.0,0.0
diningroom,floor_prior_max1.8_mesh_p2_close0.75_far1.6,1,42,0.4523809523809524,0.6904761904761905,0.23809523809523808
diningroom,floor_prior_max1.8_mesh_p2_close0.75_far1.6,2,50,0.64,0.7,0.05999999999999994
diningroom,floor_prior_max1.8_mesh_p2_close0.75_far1.6,3,20,0.8,0.9,0.09999999999999998
diningroom,floor_prior_max1.8_mesh_p2_close0.75_far1.6,4,21,0.7142857142857143,0.8571428571428571,0.1428571428571428
diningroom,floor_prior_max1.8_mesh_p2_close0.75_far1.6,5,14,0.9285714285714286,0.9285714285714286,0.0
diningroom,floor_prior_max1.8_mesh_p2_close0.75_far1.6,6,53,0.4339622641509434,0.6226415094339622,0.18867924528301883
diningroom,floor_prior_max1.8_mesh_p2_close0.75_far1.6,7,36,0.4722222222222222,0.5833333333333334,0.11111111111111116
diningroom,floor_prior_max1.8_mesh_p2_close0.75_far1.6,8,19,0.631578947368421,0.8947368421052632,0.26315789473684215
diningroom,floor_prior_max1.8_mesh_p2_close0.75_far1.6,9,13,0.9230769230769231,1.0,0.07692307692307687
diningroom,floor_prior_max1.8_mesh_p3_close0.75_far1.6,0,1,1.0,1.0,0.0
diningroom,floor_prior_max1.8_mesh_p3_close0.75_far1.6,1,42,0.4523809523809524,0.6904761904761905,0.23809523809523808
diningroom,floor_prior_max1.8_mesh_p3_close0.75_far1.6,2,50,0.64,0.68,0.040000000000000036
diningroom,floor_prior_max1.8_mesh_p3_close0.75_far1.6,3,20,0.8,0.85,0.04999999999999993
diningroom,floor_prior_max1.8_mesh_p3_close0.75_far1.6,4,21,0.7142857142857143,0.9047619047619048,0.19047619047619047
diningroom,floor_prior_max1.8_mesh_p3_close0.75_far1.6,5,14,0.9285714285714286,0.9285714285714286,0.0
diningroom,floor_prior_max1.8_mesh_p3_close0.75_far1.6,6,53,0.4339622641509434,0.6226415094339622,0.18867924528301883
diningroom,floor_prior_max1.8_mesh_p3_close0.75_far1.6,7,36,0.4722222222222222,0.6388888888888888,0.16666666666666663
diningroom,floor_prior_max1.8_mesh_p3_close0.75_far1.6,8,19,0.631578947368421,0.8947368421052632,0.26315789473684215
diningroom,floor_prior_max1.8_mesh_p3_close0.75_far1.6,9,13,0.9230769230769231,1.0,0.07692307692307687
diningroom,floor_prior_ow05_max1.8_mesh_p2_close0.75_far1.6,0,1,1.0,1.0,0.0
diningroom,floor_prior_ow05_max1.8_mesh_p2_close0.75_far1.6,1,42,0.4523809523809524,0.6904761904761905,0.23809523809523808
diningroom,floor_prior_ow05_max1.8_mesh_p2_close0.75_far1.6,2,50,0.64,0.7,0.05999999999999994
diningroom,floor_prior_ow05_max1.8_mesh_p2_close0.75_far1.6,3,20,0.8,0.9,0.09999999999999998
diningroom,floor_prior_ow05_max1.8_mesh_p2_close0.75_far1.6,4,21,0.7142857142857143,0.8571428571428571,0.1428571428571428
diningroom,floor_prior_ow05_max1.8_mesh_p2_close0.75_far1.6,5,14,0.9285714285714286,0.9285714285714286,0.0
diningroom,floor_prior_ow05_max1.8_mesh_p2_close0.75_far1.6,6,53,0.4339622641509434,0.6226415094339622,0.18867924528301883
diningroom,floor_prior_ow05_max1.8_mesh_p2_close0.75_far1.6,7,36,0.4722222222222222,0.6111111111111112,0.13888888888888895
diningroom,floor_prior_ow05_max1.8_mesh_p2_close0.75_far1.6,8,19,0.631578947368421,0.8947368421052632,0.26315789473684215
diningroom,floor_prior_ow05_max1.8_mesh_p2_close0.75_far1.6,9,13,0.9230769230769231,1.0,0.07692307692307687
diningroom,floor_prior_ow0_max1.8_mesh_p2_close0.75_far1.6,0,1,1.0,1.0,0.0
diningroom,floor_prior_ow0_max1.8_mesh_p2_close0.75_far1.6,1,42,0.4523809523809524,0.6904761904761905,0.23809523809523808
diningroom,floor_prior_ow0_max1.8_mesh_p2_close0.75_far1.6,2,50,0.64,0.7,0.05999999999999994
diningroom,floor_prior_ow0_max1.8_mesh_p2_close0.75_far1.6,3,20,0.8,0.9,0.09999999999999998
diningroom,floor_prior_ow0_max1.8_mesh_p2_close0.75_far1.6,4,21,0.7142857142857143,0.8571428571428571,0.1428571428571428
diningroom,floor_prior_ow0_max1.8_mesh_p2_close0.75_far1.6,5,14,0.9285714285714286,0.9285714285714286,0.0
diningroom,floor_prior_ow0_max1.8_mesh_p2_close0.75_far1.6,6,53,0.4339622641509434,0.6226415094339622,0.18867924528301883
diningroom,floor_prior_ow0_max1.8_mesh_p2_close0.75_far1.6,7,36,0.4722222222222222,0.6111111111111112,0.13888888888888895
diningroom,floor_prior_ow0_max1.8_mesh_p2_close0.75_far1.6,8,19,0.631578947368421,0.8947368421052632,0.26315789473684215
diningroom,floor_prior_ow0_max1.8_mesh_p2_close0.75_far1.6,9,13,0.9230769230769231,1.0,0.07692307692307687
diningroom,floor_prior_ow2_max1.8_mesh_p2_close0.75_far1.6,0,1,1.0,1.0,0.0
diningroom,floor_prior_ow2_max1.8_mesh_p2_close0.75_far1.6,1,42,0.4523809523809524,0.6904761904761905,0.23809523809523808
diningroom,floor_prior_ow2_max1.8_mesh_p2_close0.75_far1.6,2,50,0.64,0.7,0.05999999999999994
diningroom,floor_prior_ow2_max1.8_mesh_p2_close0.75_far1.6,3,20,0.8,0.9,0.09999999999999998
diningroom,floor_prior_ow2_max1.8_mesh_p2_close0.75_far1.6,4,21,0.7142857142857143,0.8571428571428571,0.1428571428571428
diningroom,floor_prior_ow2_max1.8_mesh_p2_close0.75_far1.6,5,14,0.9285714285714286,0.9285714285714286,0.0
diningroom,floor_prior_ow2_max1.8_mesh_p2_close0.75_far1.6,6,53,0.4339622641509434,0.6226415094339622,0.18867924528301883
diningroom,floor_prior_ow2_max1.8_mesh_p2_close0.75_far1.6,7,36,0.4722222222222222,0.5833333333333334,0.11111111111111116
diningroom,floor_prior_ow2_max1.8_mesh_p2_close0.75_far1.6,8,19,0.631578947368421,0.8947368421052632,0.26315789473684215
diningroom,floor_prior_ow2_max1.8_mesh_p2_close0.75_far1.6,9,13,0.9230769230769231,1.0,0.07692307692307687
diningroom,floor_prior_seed1_max1.8_mesh_p2_close0.75_far1.6,0,1,0.0,0.0,0.0
diningroom,floor_prior_seed1_max1.8_mesh_p2_close0.75_far1.6,1,42,0.4523809523809524,0.6190476190476191,0.16666666666666669
diningroom,floor_prior_seed1_max1.8_mesh_p2_close0.75_far1.6,2,50,0.58,0.72,0.14
diningroom,floor_prior_seed1_max1.8_mesh_p2_close0.75_far1.6,3,20,0.7,0.95,0.25
diningroom,floor_prior_seed1_max1.8_mesh_p2_close0.75_far1.6,4,21,0.6666666666666666,0.9523809523809523,0.2857142857142857
diningroom,floor_prior_seed1_max1.8_mesh_p2_close0.75_far1.6,5,14,0.9285714285714286,0.9285714285714286,0.0
diningroom,floor_prior_seed1_max1.8_mesh_p2_close0.75_far1.6,6,53,0.5660377358490566,0.7358490566037735,0.16981132075471694
diningroom,floor_prior_seed1_max1.8_mesh_p2_close0.75_far1.6,7,36,0.5833333333333334,0.6666666666666666,0.08333333333333326
diningroom,floor_prior_seed1_max1.8_mesh_p2_close0.75_far1.6,8,19,0.5263157894736842,0.8421052631578947,0.3157894736842105
diningroom,floor_prior_seed1_max1.8_mesh_p2_close0.75_far1.6,9,13,0.7692307692307693,0.8461538461538461,0.07692307692307687
diningroom,floor_prior_seed2_max1.8_mesh_p2_close0.75_far1.6,0,1,1.0,1.0,0.0
diningroom,floor_prior_seed2_max1.8_mesh_p2_close0.75_far1.6,1,42,0.42857142857142855,0.6428571428571429,0.21428571428571436
diningroom,floor_prior_seed2_max1.8_mesh_p2_close0.75_far1.6,2,50,0.58,0.7,0.12
diningroom,floor_prior_seed2_max1.8_mesh_p2_close0.75_far1.6,3,20,0.75,0.95,0.19999999999999996
diningroom,floor_prior_seed2_max1.8_mesh_p2_close0.75_far1.6,4,21,0.7142857142857143,0.9047619047619048,0.19047619047619047
diningroom,floor_prior_seed2_max1.8_mesh_p2_close0.75_far1.6,5,14,1.0,1.0,0.0
diningroom,floor_prior_seed2_max1.8_mesh_p2_close0.75_far1.6,6,53,0.4528301886792453,0.6037735849056604,0.15094339622641506
diningroom,floor_prior_seed2_max1.8_mesh_p2_close0.75_far1.6,7,36,0.4166666666666667,0.6388888888888888,0.22222222222222215
diningroom,floor_prior_seed2_max1.8_mesh_p2_close0.75_far1.6,8,19,0.7894736842105263,0.8947368421052632,0.10526315789473684
diningroom,floor_prior_seed2_max1.8_mesh_p2_close0.75_far1.6,9,13,1.0,1.0,0.0
livingroom,floor_direct_yfix_mesh_p2_close0.75_far1.6,0,5,0.6,0.4,-0.19999999999999996
livingroom,floor_direct_yfix_mesh_p2_close0.75_far1.6,1,55,0.6181818181818182,0.7818181818181819,0.1636363636363637
livingroom,floor_direct_yfix_mesh_p2_close0.75_far1.6,2,57,0.5614035087719298,0.8070175438596491,0.24561403508771928
livingroom,floor_direct_yfix_mesh_p2_close0.75_far1.6,3,14,0.5714285714285714,0.7857142857142857,0.2142857142857143
livingroom,floor_direct_yfix_mesh_p2_close0.75_far1.6,4,14,0.5714285714285714,0.7142857142857143,0.1428571428571429
livingroom,floor_direct_yfix_mesh_p2_close0.75_far1.6,5,19,0.7368421052631579,0.7368421052631579,0.0
livingroom,floor_direct_yfix_mesh_p2_close0.75_far1.6,6,54,0.46296296296296297,0.6666666666666666,0.20370370370370366
livingroom,floor_direct_yfix_mesh_p2_close0.75_far1.6,7,53,0.41509433962264153,0.7169811320754716,0.3018867924528301
livingroom,floor_direct_yfix_mesh_p2_close0.75_far1.6,8,12,0.6666666666666666,0.9166666666666666,0.25
livingroom,floor_direct_yfix_mesh_p2_close0.75_far1.6,9,11,0.7272727272727273,0.8181818181818182,0.09090909090909094
livingroom,floor_prior_max0.8_mesh_p2_close0.75_far1.6,0,5,0.6,0.6,0.0
livingroom,floor_prior_max0.8_mesh_p2_close0.75_far1.6,1,55,0.6181818181818182,0.6545454545454545,0.036363636363636376
livingroom,floor_prior_max0.8_mesh_p2_close0.75_far1.6,2,57,0.5614035087719298,0.6666666666666666,0.10526315789473684
livingroom,floor_prior_max0.8_mesh_p2_close0.75_far1.6,3,14,0.5714285714285714,0.7142857142857143,0.1428571428571429
livingroom,floor_prior_max0.8_mesh_p2_close0.75_far1.6,4,14,0.5714285714285714,0.6428571428571429,0.07142857142857151
livingroom,floor_prior_max0.8_mesh_p2_close0.75_far1.6,5,19,0.7368421052631579,0.7368421052631579,0.0
livingroom,floor_prior_max0.8_mesh_p2_close0.75_far1.6,6,54,0.46296296296296297,0.48148148148148145,0.01851851851851849
livingroom,floor_prior_max0.8_mesh_p2_close0.75_far1.6,7,53,0.41509433962264153,0.4716981132075472,0.05660377358490565
livingroom,floor_prior_max0.8_mesh_p2_close0.75_far1.6,8,12,0.6666666666666666,0.9166666666666666,0.25
livingroom,floor_prior_max0.8_mesh_p2_close0.75_far1.6,9,11,0.7272727272727273,0.8181818181818182,0.09090909090909094
livingroom,floor_prior_max1.2_mesh_p2_close0.75_far1.6,0,5,0.6,0.6,0.0
livingroom,floor_prior_max1.2_mesh_p2_close0.75_far1.6,1,55,0.6181818181818182,0.7272727272727273,0.10909090909090913
livingroom,floor_prior_max1.2_mesh_p2_close0.75_far1.6,2,57,0.5614035087719298,0.7017543859649122,0.14035087719298245
livingroom,floor_prior_max1.2_mesh_p2_close0.75_far1.6,3,14,0.5714285714285714,0.7142857142857143,0.1428571428571429
livingroom,floor_prior_max1.2_mesh_p2_close0.75_far1.6,4,14,0.5714285714285714,0.7142857142857143,0.1428571428571429
livingroom,floor_prior_max1.2_mesh_p2_close0.75_far1.6,5,19,0.7368421052631579,0.7368421052631579,0.0
livingroom,floor_prior_max1.2_mesh_p2_close0.75_far1.6,6,54,0.46296296296296297,0.5370370370370371,0.07407407407407413
livingroom,floor_prior_max1.2_mesh_p2_close0.75_far1.6,7,53,0.41509433962264153,0.5094339622641509,0.09433962264150941
livingroom,floor_prior_max1.2_mesh_p2_close0.75_far1.6,8,12,0.6666666666666666,0.9166666666666666,0.25
livingroom,floor_prior_max1.2_mesh_p2_close0.75_far1.6,9,11,0.7272727272727273,0.8181818181818182,0.09090909090909094
livingroom,floor_prior_max1.8_mesh_p1_close0.75_far1.6,0,5,0.6,0.6,0.0
livingroom,floor_prior_max1.8_mesh_p1_close0.75_far1.6,1,55,0.6181818181818182,0.7272727272727273,0.10909090909090913
livingroom,floor_prior_max1.8_mesh_p1_close0.75_far1.6,2,57,0.5614035087719298,0.7368421052631579,0.17543859649122806
livingroom,floor_prior_max1.8_mesh_p1_close0.75_far1.6,3,14,0.5714285714285714,0.7142857142857143,0.1428571428571429
livingroom,floor_prior_max1.8_mesh_p1_close0.75_far1.6,4,14,0.5714285714285714,0.7142857142857143,0.1428571428571429
livingroom,floor_prior_max1.8_mesh_p1_close0.75_far1.6,5,19,0.7368421052631579,0.7368421052631579,0.0
livingroom,floor_prior_max1.8_mesh_p1_close0.75_far1.6,6,54,0.46296296296296297,0.5740740740740741,0.1111111111111111
livingroom,floor_prior_max1.8_mesh_p1_close0.75_far1.6,7,53,0.41509433962264153,0.6037735849056604,0.18867924528301883
livingroom,floor_prior_max1.8_mesh_p1_close0.75_far1.6,8,12,0.6666666666666666,0.9166666666666666,0.25
livingroom,floor_prior_max1.8_mesh_p1_close0.75_far1.6,9,11,0.7272727272727273,0.8181818181818182,0.09090909090909094
livingroom,floor_prior_max1.8_mesh_p2_close0.75_far1.6,0,5,0.6,0.6,0.0
livingroom,floor_prior_max1.8_mesh_p2_close0.75_far1.6,1,55,0.6181818181818182,0.7454545454545455,0.12727272727272732
livingroom,floor_prior_max1.8_mesh_p2_close0.75_far1.6,2,57,0.5614035087719298,0.7368421052631579,0.17543859649122806
livingroom,floor_prior_max1.8_mesh_p2_close0.75_far1.6,3,14,0.5714285714285714,0.7857142857142857,0.2142857142857143
livingroom,floor_prior_max1.8_mesh_p2_close0.75_far1.6,4,14,0.5714285714285714,0.7142857142857143,0.1428571428571429
livingroom,floor_prior_max1.8_mesh_p2_close0.75_far1.6,5,19,0.7368421052631579,0.7368421052631579,0.0
livingroom,floor_prior_max1.8_mesh_p2_close0.75_far1.6,6,54,0.46296296296296297,0.5740740740740741,0.1111111111111111
livingroom,floor_prior_max1.8_mesh_p2_close0.75_far1.6,7,53,0.41509433962264153,0.6037735849056604,0.18867924528301883
livingroom,floor_prior_max1.8_mesh_p2_close0.75_far1.6,8,12,0.6666666666666666,0.9166666666666666,0.25
livingroom,floor_prior_max1.8_mesh_p2_close0.75_far1.6,9,11,0.7272727272727273,0.8181818181818182,0.09090909090909094
livingroom,floor_prior_max1.8_mesh_p3_close0.75_far1.6,0,5,0.6,0.6,0.0
livingroom,floor_prior_max1.8_mesh_p3_close0.75_far1.6,1,55,0.6181818181818182,0.7454545454545455,0.12727272727272732
livingroom,floor_prior_max1.8_mesh_p3_close0.75_far1.6,2,57,0.5614035087719298,0.7368421052631579,0.17543859649122806
livingroom,floor_prior_max1.8_mesh_p3_close0.75_far1.6,3,14,0.5714285714285714,0.7857142857142857,0.2142857142857143
livingroom,floor_prior_max1.8_mesh_p3_close0.75_far1.6,4,14,0.5714285714285714,0.7142857142857143,0.1428571428571429
livingroom,floor_prior_max1.8_mesh_p3_close0.75_far1.6,5,19,0.7368421052631579,0.7368421052631579,0.0
livingroom,floor_prior_max1.8_mesh_p3_close0.75_far1.6,6,54,0.46296296296296297,0.5740740740740741,0.1111111111111111
livingroom,floor_prior_max1.8_mesh_p3_close0.75_far1.6,7,53,0.41509433962264153,0.6037735849056604,0.18867924528301883
livingroom,floor_prior_max1.8_mesh_p3_close0.75_far1.6,8,12,0.6666666666666666,0.9166666666666666,0.25
livingroom,floor_prior_max1.8_mesh_p3_close0.75_far1.6,9,11,0.7272727272727273,0.8181818181818182,0.09090909090909094
livingroom,floor_prior_ow05_max1.8_mesh_p2_close0.75_far1.6,0,5,0.6,0.6,0.0
livingroom,floor_prior_ow05_max1.8_mesh_p2_close0.75_far1.6,1,55,0.6181818181818182,0.7454545454545455,0.12727272727272732
livingroom,floor_prior_ow05_max1.8_mesh_p2_close0.75_far1.6,2,57,0.5614035087719298,0.7368421052631579,0.17543859649122806
livingroom,floor_prior_ow05_max1.8_mesh_p2_close0.75_far1.6,3,14,0.5714285714285714,0.7857142857142857,0.2142857142857143
livingroom,floor_prior_ow05_max1.8_mesh_p2_close0.75_far1.6,4,14,0.5714285714285714,0.7142857142857143,0.1428571428571429
livingroom,floor_prior_ow05_max1.8_mesh_p2_close0.75_far1.6,5,19,0.7368421052631579,0.7368421052631579,0.0
livingroom,floor_prior_ow05_max1.8_mesh_p2_close0.75_far1.6,6,54,0.46296296296296297,0.5740740740740741,0.1111111111111111
livingroom,floor_prior_ow05_max1.8_mesh_p2_close0.75_far1.6,7,53,0.41509433962264153,0.6037735849056604,0.18867924528301883
livingroom,floor_prior_ow05_max1.8_mesh_p2_close0.75_far1.6,8,12,0.6666666666666666,0.9166666666666666,0.25
livingroom,floor_prior_ow05_max1.8_mesh_p2_close0.75_far1.6,9,11,0.7272727272727273,0.8181818181818182,0.09090909090909094
livingroom,floor_prior_ow0_max1.8_mesh_p2_close0.75_far1.6,0,5,0.6,0.6,0.0
livingroom,floor_prior_ow0_max1.8_mesh_p2_close0.75_far1.6,1,55,0.6181818181818182,0.7454545454545455,0.12727272727272732
livingroom,floor_prior_ow0_max1.8_mesh_p2_close0.75_far1.6,2,57,0.5614035087719298,0.7368421052631579,0.17543859649122806
livingroom,floor_prior_ow0_max1.8_mesh_p2_close0.75_far1.6,3,14,0.5714285714285714,0.7857142857142857,0.2142857142857143
livingroom,floor_prior_ow0_max1.8_mesh_p2_close0.75_far1.6,4,14,0.5714285714285714,0.7142857142857143,0.1428571428571429
livingroom,floor_prior_ow0_max1.8_mesh_p2_close0.75_far1.6,5,19,0.7368421052631579,0.7368421052631579,0.0
livingroom,floor_prior_ow0_max1.8_mesh_p2_close0.75_far1.6,6,54,0.46296296296296297,0.5740740740740741,0.1111111111111111
livingroom,floor_prior_ow0_max1.8_mesh_p2_close0.75_far1.6,7,53,0.41509433962264153,0.6037735849056604,0.18867924528301883
livingroom,floor_prior_ow0_max1.8_mesh_p2_close0.75_far1.6,8,12,0.6666666666666666,0.9166666666666666,0.25
livingroom,floor_prior_ow0_max1.8_mesh_p2_close0.75_far1.6,9,11,0.7272727272727273,0.8181818181818182,0.09090909090909094
livingroom,floor_prior_ow2_max1.8_mesh_p2_close0.75_far1.6,0,5,0.6,0.6,0.0
livingroom,floor_prior_ow2_max1.8_mesh_p2_close0.75_far1.6,1,55,0.6181818181818182,0.7454545454545455,0.12727272727272732
livingroom,floor_prior_ow2_max1.8_mesh_p2_close0.75_far1.6,2,57,0.5614035087719298,0.7368421052631579,0.17543859649122806
livingroom,floor_prior_ow2_max1.8_mesh_p2_close0.75_far1.6,3,14,0.5714285714285714,0.7857142857142857,0.2142857142857143
livingroom,floor_prior_ow2_max1.8_mesh_p2_close0.75_far1.6,4,14,0.5714285714285714,0.7142857142857143,0.1428571428571429
livingroom,floor_prior_ow2_max1.8_mesh_p2_close0.75_far1.6,5,19,0.7368421052631579,0.7368421052631579,0.0
livingroom,floor_prior_ow2_max1.8_mesh_p2_close0.75_far1.6,6,54,0.46296296296296297,0.5740740740740741,0.1111111111111111
livingroom,floor_prior_ow2_max1.8_mesh_p2_close0.75_far1.6,7,53,0.41509433962264153,0.6037735849056604,0.18867924528301883
livingroom,floor_prior_ow2_max1.8_mesh_p2_close0.75_far1.6,8,12,0.6666666666666666,0.9166666666666666,0.25
livingroom,floor_prior_ow2_max1.8_mesh_p2_close0.75_far1.6,9,11,0.7272727272727273,0.8181818181818182,0.09090909090909094
livingroom,floor_prior_seed1_max1.8_mesh_p2_close0.75_far1.6,0,5,0.8,0.8,0.0
livingroom,floor_prior_seed1_max1.8_mesh_p2_close0.75_far1.6,1,55,0.5636363636363636,0.7272727272727273,0.1636363636363637
livingroom,floor_prior_seed1_max1.8_mesh_p2_close0.75_far1.6,2,57,0.45614035087719296,0.5789473684210527,0.1228070175438597
livingroom,floor_prior_seed1_max1.8_mesh_p2_close0.75_far1.6,3,14,0.42857142857142855,0.7142857142857143,0.28571428571428575
livingroom,floor_prior_seed1_max1.8_mesh_p2_close0.75_far1.6,4,14,0.5,0.7857142857142857,0.2857142857142857
livingroom,floor_prior_seed1_max1.8_mesh_p2_close0.75_far1.6,5,19,0.6842105263157895,0.6842105263157895,0.0
livingroom,floor_prior_seed1_max1.8_mesh_p2_close0.75_far1.6,6,54,0.5185185185185185,0.6296296296296297,0.11111111111111116
livingroom,floor_prior_seed1_max1.8_mesh_p2_close0.75_far1.6,7,53,0.4716981132075472,0.5660377358490566,0.09433962264150941
livingroom,floor_prior_seed1_max1.8_mesh_p2_close0.75_far1.6,8,12,0.8333333333333334,0.9166666666666666,0.08333333333333326
livingroom,floor_prior_seed1_max1.8_mesh_p2_close0.75_far1.6,9,11,0.6363636363636364,0.7272727272727273,0.09090909090909094
livingroom,floor_prior_seed2_max1.8_mesh_p2_close0.75_far1.6,0,5,0.6,0.6,0.0
livingroom,floor_prior_seed2_max1.8_mesh_p2_close0.75_far1.6,1,55,0.43636363636363634,0.5818181818181818,0.14545454545454545
livingroom,floor_prior_seed2_max1.8_mesh_p2_close0.75_far1.6,2,57,0.543859649122807,0.631578947368421,0.08771929824561397
livingroom,floor_prior_seed2_max1.8_mesh_p2_close0.75_far1.6,3,14,0.6428571428571429,0.7857142857142857,0.1428571428571428
livingroom,floor_prior_seed2_max1.8_mesh_p2_close0.75_far1.6,4,14,0.6428571428571429,0.7857142857142857,0.1428571428571428
livingroom,floor_prior_seed2_max1.8_mesh_p2_close0.75_far1.6,5,19,0.7894736842105263,0.7894736842105263,0.0
livingroom,floor_prior_seed2_max1.8_mesh_p2_close0.75_far1.6,6,54,0.5185185185185185,0.6111111111111112,0.09259259259259267
livingroom,floor_prior_seed2_max1.8_mesh_p2_close0.75_far1.6,7,53,0.4339622641509434,0.6037735849056604,0.16981132075471694
livingroom,floor_prior_seed2_max1.8_mesh_p2_close0.75_far1.6,8,12,0.8333333333333334,0.9166666666666666,0.08333333333333326
livingroom,floor_prior_seed2_max1.8_mesh_p2_close0.75_far1.6,9,11,0.6363636363636364,0.7272727272727273,0.09090909090909094
