room,scene,before_path,after_path,ssim_before_after,before_brightness,before_contrast,before_sharpness_lap_var,before_entropy,before_saturation,after_brightness,delta_brightness,after_contrast,delta_contrast,after_sharpness_lap_var,delta_sharpness_lap_var,after_entropy,delta_entropy,after_saturation,delta_saturation
bedroom,scene_0001_04684207-3d45-4d33-bd9d-0f66c9a45402_MasterBedroom-9404,E:\research_worldmodel\visual\mesh_renders\bedroom\scene_0001_04684207-3d45-4d33-bd9d-0f66c9a45402_MasterBedroom-9404_before.png,E:\research_worldmodel\visual\mesh_renders\bedroom\scene_0001_04684207-3d45-4d33-bd9d-0f66c9a45402_MasterBedroom-9404_after.png,0.6756572218620258,246.05090072320843,32.407380078326234,1469.1068934911243,1.1673944031126273,7.569727153188691,241.69348783694937,-4.3574128862590555,38.006829142547,5.599449064220764,1855.9334746877055,386.8265811965812,1.6262497884239295,0.4588553853113022,12.492089086127548,4.922361932938856
bedroom,scene_0004_0bb3d53a-d91c-4f86-afb3-0fbf0e35d1d5_SecondBedroom-11167,E:\research_worldmodel\visual\mesh_renders\bedroom\scene_0004_0bb3d53a-d91c-4f86-afb3-0fbf0e35d1d5_SecondBedroom-11167_before.png,E:\research_worldmodel\visual\mesh_renders\bedroom\scene_0004_0bb3d53a-d91c-4f86-afb3-0fbf0e35d1d5_SecondBedroom-11167_after.png,0.7542589967114427,249.9042094017094,27.098595954920093,1452.9538823142668,0.686880532911496,2.062051282051282,249.75352071005918,-0.15068869165023102,27.388068556246928,0.2894726013268354,1468.665473372781,15.71159105851416,0.699103139019414,0.012222606107918033,2.185488165680473,0.12343688362919103
bedroom,scene_0008_0fc4d063-6145-456f-8fe1-1180d3eeeb3f_Bedroom-2719,E:\research_worldmodel\visual\mesh_renders\bedroom\scene_0008_0fc4d063-6145-456f-8fe1-1180d3eeeb3f_Bedroom-2719_before.png,E:\research_worldmodel\visual\mesh_renders\bedroom\scene_0008_0fc4d063-6145-456f-8fe1-1180d3eeeb3f_Bedroom-2719_after.png,0.7036587869434243,243.5550493096647,33.90780603546805,1639.12063773833,1.3842329679124874,11.068473044049966,244.77213017751478,1.2170808678500862,32.85360583812498,-1.0542001973430715,1597.4149572649574,-41.705680473372695,1.2696947856588277,-0.11453818225365975,9.370930309007232,-1.6975427350427346
bedroom,scene_0010_12329142-9d6e-4957-8592-4d156a454bab_MasterBedroom-18415,E:\research_worldmodel\visual\mesh_renders\bedroom\scene_0010_12329142-9d6e-4957-8592-4d156a454bab_MasterBedroom-18415_before.png,E:\research_worldmodel\visual\mesh_renders\bedroom\scene_0010_12329142-9d6e-4957-8592-4d156a454bab_MasterBedroom-18415_after.png,0.8496664989529951,249.19360453648915,28.452886664770418,1511.1371236028929,0.7601331655481414,2.585509533201841,249.23896449704142,0.045359960552275425,28.395204516940847,-0.057682147829570596,1484.9339053254437,-26.203218277449196,0.7508589929311208,-0.00927417261702057,2.574817554240631,-0.01069197896120988
bedroom,scene_0011_12f93edf-43d1-4009-9639-92b3b604b352_SecondBedroom-1145,E:\research_worldmodel\visual\mesh_renders\bedroom\scene_0011_12f93edf-43d1-4009-9639-92b3b604b352_SecondBedroom-1145_before.png,E:\research_worldmodel\visual\mesh_renders\bedroom\scene_0011_12f93edf-43d1-4009-9639-92b3b604b352_SecondBedroom-1145_after.png,0.7249435124768586,246.5275460223537,32.36389444990889,1609.7873274161736,1.0798129560588556,5.701706114398422,247.9004635108481,1.3729174884944086,30.659864830462624,-1.704029619446267,1581.4572879684417,-28.330039447731906,0.9166883044697637,-0.16312465158909195,4.169722222222222,-1.5319838921762
bedroom,scene_0012_13626eb3-bcc1-455a-a889-78b6c92dfbb6_SecondBedroom-2787,E:\research_worldmodel\visual\mesh_renders\bedroom\scene_0012_13626eb3-bcc1-455a-a889-78b6c92dfbb6_SecondBedroom-2787_before.png,E:\research_worldmodel\visual\mesh_renders\bedroom\scene_0012_13626eb3-bcc1-455a-a889-78b6c92dfbb6_SecondBedroom-2787_after.png,0.8826808398397522,246.13813938198552,32.52123157738589,1842.0880374753451,1.0910848803926836,5.076005917159764,246.19408612754768,0.055946745562152955,32.45366134431304,-0.06757023307284982,1813.6793096646943,-28.408727810650817,1.0786225989691558,-0.012462281423527788,5.072465483234714,-0.0035404339250497685
bedroom,scene_0013_14125793-35c5-4ab8-be6e-3089eaa45bc1_Bedroom-87322,E:\research_worldmodel\visual\mesh_renders\bedroom\scene_0013_14125793-35c5-4ab8-be6e-3089eaa45bc1_Bedroom-87322_before.png,E:\research_worldmodel\visual\mesh_renders\bedroom\scene_0013_14125793-35c5-4ab8-be6e-3089eaa45bc1_Bedroom-87322_after.png,0.7013771269789604,240.87524654832347,36.95459132336271,1993.1518803418803,1.6282753689512957,7.606770216962524,240.79071170282708,-0.08453484549639256,36.999397664478835,0.04480634111612147,1994.1336160420776,0.981735700197305,1.6430364588611888,0.01476108990989311,7.687453977646285,0.08068376068376093
bedroom,scene_0020_1aa91215-cba7-4c40-8b37-6b21584b5924_MasterBedroom-12352,E:\research_worldmodel\visual\mesh_renders\bedroom\scene_0020_1aa91215-cba7-4c40-8b37-6b21584b5924_MasterBedroom-12352_before.png,E:\research_worldmodel\visual\mesh_renders\bedroom\scene_0020_1aa91215-cba7-4c40-8b37-6b21584b5924_MasterBedroom-12352_after.png,0.6858035112155143,245.16820512820513,32.700771869603486,1643.1021761998686,1.1030396439670558,7.113418803418804,246.15843688362918,0.9902317554240483,31.528767188237058,-1.1720046813664275,1597.9674884944116,-45.134687705457054,1.0099410748841553,-0.09309856908290048,6.091318211702827,-1.0221005917159767
diningroom,scene_0000_004f900c-468a-4f70-83cc-aa2c98875264_LivingDiningRoom-27430,E:\research_worldmodel\visual\mesh_renders\diningroom\scene_0000_004f900c-468a-4f70-83cc-aa2c98875264_LivingDiningRoom-27430_before.png,E:\research_worldmodel\visual\mesh_renders\diningroom\scene_0000_004f900c-468a-4f70-83cc-aa2c98875264_LivingDiningRoom-27430_after.png,0.8389417165817051,246.28981755424064,33.38624279482311,1441.5423734385272,0.929433841593523,6.132370151216305,246.14068047337278,-0.1491370808678596,33.67079375855534,0.28455096373222943,1476.7111111111112,35.16873767258403,0.9545370613503423,0.025103219756819284,6.16224358974359,0.029873438527284968
diningroom,scene_0001_00fe8139-76e8-42b4-bb41-7f9f085ac351_DiningRoom-15534,E:\research_worldmodel\visual\mesh_renders\diningroom\scene_0001_00fe8139-76e8-42b4-bb41-7f9f085ac351_DiningRoom-15534_before.png,E:\research_worldmodel\visual\mesh_renders\diningroom\scene_0001_00fe8139-76e8-42b4-bb41-7f9f085ac351_DiningRoom-15534_after.png,0.7061082729823553,247.73882971729125,29.4332351350876,1688.5404240631165,0.9934572277173961,3.330976331360947,248.0101479289941,0.2713182117028339,29.822936585658145,0.38970145057054495,1789.1403977646285,100.599973701512,0.9417797573684082,-0.05167747034898784,2.772730111768573,-0.5582462195923736
diningroom,scene_0005_0878fcd8-0934-4298-87a2-9813bd4c19c2_DiningRoom-26805,E:\research_worldmodel\visual\mesh_renders\diningroom\scene_0005_0878fcd8-0934-4298-87a2-9813bd4c19c2_DiningRoom-26805_before.png,E:\research_worldmodel\visual\mesh_renders\diningroom\scene_0005_0878fcd8-0934-4298-87a2-9813bd4c19c2_DiningRoom-26805_after.png,0.8017406388444587,246.76860782380012,32.996380418334056,1595.2531196581197,0.949430007696003,3.5911357659434584,247.54213182117027,0.7735239973701482,31.399128694381282,-1.5972517239527733,1603.5345956607496,8.281476002629915,0.8684131459564668,-0.08101686173953626,3.200359960552268,-0.3907758053911903
diningroom,scene_0015_1426a7e7-7805-43ca-b258-05c9b637375a_DiningRoom-2817,E:\research_worldmodel\visual\mesh_renders\diningroom\scene_0015_1426a7e7-7805-43ca-b258-05c9b637375a_DiningRoom-2817_before.png,E:\research_worldmodel\visual\mesh_renders\diningroom\scene_0015_1426a7e7-7805-43ca-b258-05c9b637375a_DiningRoom-2817_after.png,0.8110951069614578,247.43771367521367,31.42698993461874,1718.773540433925,0.8589041937490647,3.19672419460881,247.79064266929652,0.35292899408284484,30.806909903120044,-0.620080031498695,1643.8546120973044,-74.91892833662064,0.824276562243828,-0.03462763150523673,2.9788050624589086,-0.21791913214990144
diningroom,scene_0017_1638a636-f721-497f-930e-d141752cd5c9_LivingDiningRoom-37405,E:\research_worldmodel\visual\mesh_renders\diningroom\scene_0017_1638a636-f721-497f-930e-d141752cd5c9_LivingDiningRoom-37405_before.png,E:\research_worldmodel\visual\mesh_renders\diningroom\scene_0017_1638a636-f721-497f-930e-d141752cd5c9_LivingDiningRoom-37405_after.png,0.7975378164159865,247.28362754766601,30.539269255448936,1611.9351314924393,0.9896606808646394,4.128867521367521,248.6925657462196,1.4089381985535852,28.147951065798967,-2.3913181896499687,1596.3025608152532,-15.632570677186095,0.8245872381203868,-0.16507344274425262,2.968172255095332,-1.1606952662721892
diningroom,scene_0025_1fb8e3cb-c6be-4933-bcae-8e24c6c5fb61_DiningRoom-10302,E:\research_worldmodel\visual\mesh_renders\diningroom\scene_0025_1fb8e3cb-c6be-4933-bcae-8e24c6c5fb61_DiningRoom-10302_before.png,E:\research_worldmodel\visual\mesh_renders\diningroom\scene_0025_1fb8e3cb-c6be-4933-bcae-8e24c6c5fb61_DiningRoom-10302_after.png,0.7604189416222503,246.4329372123603,32.59276978049731,1976.34275147929,1.0157489787102763,3.1146088099934253,249.08828402366865,2.6553468113083625,28.161508697823834,-4.43126108267348,1586.1330736357659,-390.2096778435241,0.7239889393411516,-0.29176003936912465,1.799630177514793,-1.3149786324786323
diningroom,scene_0032_234f5661-8d9e-499b-ae27-ee5dfe702e56_LivingDiningRoom-40062,E:\research_worldmodel\visual\mesh_renders\diningroom\scene_0032_234f5661-8d9e-499b-ae27-ee5dfe702e56_LivingDiningRoom-40062_before.png,E:\research_worldmodel\visual\mesh_renders\diningroom\scene_0032_234f5661-8d9e-499b-ae27-ee5dfe702e56_LivingDiningRoom-40062_after.png,0.9487711414277402,246.63249178172256,32.632496320064014,1750.2352301117685,0.9851235120674103,3.014071334648258,246.6491929651545,0.01670118343193394,32.46984110980271,-0.16265521026130614,1763.5802991452993,13.345069033530763,1.0033616622971526,0.01823815022974229,2.9981180144641684,-0.01595332018408957
diningroom,scene_0038_2812fec5-928d-4c55-abca-f805e9717739_DiningRoom-88590,E:\research_worldmodel\visual\mesh_renders\diningroom\scene_0038_2812fec5-928d-4c55-abca-f805e9717739_DiningRoom-88590_before.png,E:\research_worldmodel\visual\mesh_renders\diningroom\scene_0038_2812fec5-928d-4c55-abca-f805e9717739_DiningRoom-88590_after.png,0.7984406946869281,248.17802432610125,29.639482708301653,1514.218698224852,0.8540422232104706,3.504549638395792,250.02626397107167,1.8482396449704197,26.752676116023377,-2.886806592278276,1371.219339250493,-142.99935897435898,0.6152403686633934,-0.23880185454707725,1.9415581854043393,-1.5629914529914528
livingroom,scene_0002_016e8e9e-143b-4f12-9679-3ca930a1b6d6_LivingDiningRoom-34678,E:\research_worldmodel\visual\mesh_renders\livingroom\scene_0002_016e8e9e-143b-4f12-9679-3ca930a1b6d6_LivingDiningRoom-34678_before.png,E:\research_worldmodel\visual\mesh_renders\livingroom\scene_0002_016e8e9e-143b-4f12-9679-3ca930a1b6d6_LivingDiningRoom-34678_after.png,0.9919445983194192,246.6978238001315,32.47620063002226,1835.1427218934912,1.0418516738460837,4.032071005917159,246.8494033530572,0.15157955292571046,32.1505437024111,-0.3256569276111634,1803.424661406969,-31.718060486522063,1.0301785816709494,-0.011673092175134236,3.902613412228797,-0.1294575936883624
livingroom,scene_0016_0f5b9b03-c5f7-4172-9386-4805616025b5_LivingDiningRoom-20097,E:\research_worldmodel\visual\mesh_renders\livingroom\scene_0016_0f5b9b03-c5f7-4172-9386-4805616025b5_LivingDiningRoom-20097_before.png,E:\research_worldmodel\visual\mesh_renders\livingroom\scene_0016_0f5b9b03-c5f7-4172-9386-4805616025b5_LivingDiningRoom-20097_after.png,0.7777995640630249,247.53020216962526,30.131885946324953,1911.898711374096,1.0479629331068678,5.607981591058514,249.48059007232084,1.9503879026955815,26.591154451237724,-3.540731495087229,1519.9398849441156,-391.95882642998026,0.7756286900488432,-0.27233424305802467,3.7118639053254436,-1.8961176857330702
livingroom,scene_0022_16190659-dff5-4ef7-a96f-eb2b71f88a2a_LivingDiningRoom-5119,E:\research_worldmodel\visual\mesh_renders\livingroom\scene_0022_16190659-dff5-4ef7-a96f-eb2b71f88a2a_LivingDiningRoom-5119_before.png,E:\research_worldmodel\visual\mesh_renders\livingroom\scene_0022_16190659-dff5-4ef7-a96f-eb2b71f88a2a_LivingDiningRoom-5119_after.png,0.8459096741447611,250.06838264299802,26.411994870854695,1266.3423537146614,0.6294685406870713,1.7505309007232084,249.86395463510848,-0.20442800788953264,27.031493963267614,0.6194990924129193,1352.0834056541748,85.74105193951345,0.6520902892376244,0.0226217485505531,1.7571745562130177,0.006643655489809275
livingroom,scene_0028_184286fb-3558-40bc-b090-e79e5b8e6fec_LivingDiningRoom-9995,E:\research_worldmodel\visual\mesh_renders\livingroom\scene_0028_184286fb-3558-40bc-b090-e79e5b8e6fec_LivingDiningRoom-9995_before.png,E:\research_worldmodel\visual\mesh_renders\livingroom\scene_0028_184286fb-3558-40bc-b090-e79e5b8e6fec_LivingDiningRoom-9995_after.png,0.9910888252050175,242.85060486522025,34.32498991845045,1523.6922748191978,1.398161701471048,9.406941157133465,242.87604043392506,0.025435568704807565,34.25612453678552,-0.06886538166492784,1513.3520644312953,-10.340210387902516,1.3977823713767061,-0.0003793300943417677,9.408696581196581,0.001755424063116351
livingroom,scene_0029_18abc0cb-4f4c-41fe-9faa-77bba613b781_LivingDiningRoom-698,E:\research_worldmodel\visual\mesh_renders\livingroom\scene_0029_18abc0cb-4f4c-41fe-9faa-77bba613b781_LivingDiningRoom-698_before.png,E:\research_worldmodel\visual\mesh_renders\livingroom\scene_0029_18abc0cb-4f4c-41fe-9faa-77bba613b781_LivingDiningRoom-698_after.png,0.7939581619356726,247.25770381328073,31.49718229344347,1713.477899408284,0.8958646119919842,4.465353385930309,246.91941157133465,-0.3382922419460783,32.27152709119505,0.7743447977515778,1835.3080407626562,121.83014135437224,0.9432655714791536,0.04740095948716938,4.466349441157133,0.0009960552268237777
livingroom,scene_0031_1bd5e2a8-54f7-4f90-ade4-2ea965db13c2_LivingDiningRoom-27644,E:\research_worldmodel\visual\mesh_renders\livingroom\scene_0031_1bd5e2a8-54f7-4f90-ade4-2ea965db13c2_LivingDiningRoom-27644_before.png,E:\research_worldmodel\visual\mesh_renders\livingroom\scene_0031_1bd5e2a8-54f7-4f90-ade4-2ea965db13c2_LivingDiningRoom-27644_after.png,0.9500873688941253,247.03194280078895,30.684307946374556,1456.015802103879,1.0164851124362435,3.8702284681130834,247.05200854700854,0.020065746219586345,30.57820629317144,-0.10610165320311538,1453.4084812623273,-2.6073208415516547,1.0084843118798523,-0.008000800556391185,3.88189513477975,0.011666666666666714
livingroom,scene_0032_1cc0fd55-1c5a-4885-a2de-f30c6d387353_LivingRoom-33324,E:\research_worldmodel\visual\mesh_renders\livingroom\scene_0032_1cc0fd55-1c5a-4885-a2de-f30c6d387353_LivingRoom-33324_before.png,E:\research_worldmodel\visual\mesh_renders\livingroom\scene_0032_1cc0fd55-1c5a-4885-a2de-f30c6d387353_LivingRoom-33324_after.png,0.8528408968297382,248.23774983563445,29.643668068256463,1661.982123602893,0.904718845191882,1.916145627876397,248.26278599605521,0.025036160420768283,29.556429192929382,-0.08723887532708119,1632.220815253123,-29.761308349769934,0.9032730206844514,-0.001445824507430582,1.919068047337278,0.0029224194608810095
livingroom,scene_0034_1f5872d3-0ec8-49f7-a821-d660c794ea4a_LivingDiningRoom-11325,E:\research_worldmodel\visual\mesh_renders\livingroom\scene_0034_1f5872d3-0ec8-49f7-a821-d660c794ea4a_LivingDiningRoom-11325_before.png,E:\research_worldmodel\visual\mesh_renders\livingroom\scene_0034_1f5872d3-0ec8-49f7-a821-d660c794ea4a_LivingDiningRoom-11325_after.png,0.7117064904108692,245.79193951347798,32.44102353513005,2046.9336357659436,1.2664633042460953,7.209714003944773,245.76033037475347,-0.031609138724519426,31.887182414309713,-0.5538411208203371,1940.6942570677186,-106.23937869822498,1.281455207159958,0.014991902913862765,7.711326429980276,0.5016124260355026
