scene_index,baseline_overlap_iou_sum,baseline_sg_consistency,baseline_active_objects,s0075_d025_i050_overlap_delta,s0075_d025_i050_consistency_drop,s0075_d025_i050_movement_mean,s0075_d025_i050_movement_max,s0075_d035_i050_overlap_delta,s0075_d035_i050_consistency_drop,s0075_d035_i050_movement_mean,s0075_d035_i050_movement_max,s0025_d015_i025_overlap_delta,s0025_d015_i025_consistency_drop,s0025_d015_i025_movement_mean,s0025_d015_i025_movement_max,s0025_d025_i050_overlap_delta,s0025_d025_i050_consistency_drop,s0025_d025_i050_movement_mean,s0025_d025_i050_movement_max,s0050_d025_i050_overlap_delta,s0050_d025_i050_consistency_drop,s0050_d025_i050_movement_mean,s0050_d025_i050_movement_max,s0075_d015_i050_overlap_delta,s0075_d015_i050_consistency_drop,s0075_d015_i050_movement_mean,s0075_d015_i050_movement_max,s0075_d025_i025_overlap_delta,s0075_d025_i025_consistency_drop,s0075_d025_i025_movement_mean,s0075_d025_i025_movement_max,s0075_d025_i075_overlap_delta,s0075_d025_i075_consistency_drop,s0075_d025_i075_movement_mean,s0075_d025_i075_movement_max
0,0.01008777873270484,1.0,4,-0.01008777873270484,0.0,0.018750000000000003,0.07500000000000001,-0.01008777873270484,0.0,0.018750000000000003,0.07500000000000001,-0.01008777873270484,0.0,0.018750000000000003,0.07500000000000001,-0.01008777873270484,0.0,0.018750000000000003,0.07500000000000001,-0.01008777873270484,0.0,0.025,0.1,-0.01008777873270484,0.0,0.018750000000000003,0.07500000000000001,-0.01008777873270484,0.0,0.018750000000000003,0.07500000000000001,-0.01008777873270484,0.0,0.018750000000000003,0.07500000000000001
1,1.0896116239843359,0.8823529411764706,7,-0.4614967873285515,0.0,0.18431360765795227,0.2250000000000005,-0.49522427894395493,0.0,0.20568098372604732,0.30000000000000066,-0.3522839861253957,0.0,0.1333682651965075,0.15,-0.42480525342211717,0.0,0.17877336472164357,0.2499990705626491,-0.4212292828981148,0.0,0.1781025592042498,0.25,-0.3254074782601273,0.0,0.10294806187048391,0.15,-0.4614967873285515,0.0,0.1843136076579522,0.22500000000000003,-0.4614967873285515,0.0,0.1843136076579522,0.22500000000000003
2,0.2529479282622308,1.0,3,-0.088713728311825,0.0,0.15,0.22500000000000003,-0.12405004486180404,0.0,0.19999999999999996,0.30000000000000004,0.0,0.0,0.0,0.0,0.0,0.0,0.0,0.0,0.0,0.0,0.0,0.0,-0.051093762984911334,0.0,0.09999999999999999,0.15,-0.088713728311825,0.0,0.14999999999999997,0.22499999999999995,-0.088713728311825,0.0,0.14999999999999997,0.22499999999999995
3,0.14348186334679255,1.0,5,-0.07115224917233448,0.0,0.10499999999999998,0.22500000000000003,-0.0711522491723345,0.0,0.10500000000000001,0.30000000000000004,-0.0005566783323224522,0.0,0.004999999999999999,0.024999999999999994,-0.0005566783323224522,0.0,0.005,0.025,-0.062270208594576076,0.0,0.09,0.2,-0.015557569037341179,0.0,0.045000000000000005,0.07500000000000001,-0.07115224917233448,0.0,0.10500000000000001,0.22500000000000003,-0.07115224917233448,0.0,0.10500000000000001,0.22500000000000003
4,0.28974148526694243,0.8823529411764706,7,-0.28974148526694243,0.0,0.07499999999999998,0.22499999999999992,-0.2855689133280026,0.0,0.07499999999999998,0.29999999999999993,-0.20584811295503333,0.0,0.035714285714285705,0.12499999999999997,-0.28974148526694243,0.0,0.067857107750708,0.24999999999999997,-0.28974148526694243,0.0,0.07142857142857142,0.24999999999999997,-0.23729489366377576,0.0,0.04285714285714286,0.15,-0.28974148526694243,0.0,0.07499999999999998,0.22499999999999998,-0.28974148526694243,0.0,0.07499999999999998,0.22499999999999998
5,0.07200877355243186,0.8888888888888888,5,-0.050801172807847086,0.0,0.13950609616669124,0.24774780092687068,-0.05273948726655808,0.0,0.1264218714667322,0.33015487216850586,-0.033503678666080755,0.0,0.06952128299062921,0.14992610881315985,-0.05273948726655808,0.0,0.1117901346333402,0.2428957211144367,-0.052484317284397466,0.0,0.09132447486833165,0.24580958841115177,-0.04067762442311349,0.0,0.10490516797893876,0.1499441650879688,-0.050801172807847086,0.0,0.13950609616669118,0.24774780092687068,-0.050801172807847086,0.0,0.13950609616669118,0.24774780092687068
6,0.08809400663414625,1.0,3,0.0,0.0,0.0,0.0,0.0,0.0,0.0,0.0,0.0,0.0,0.0,0.0,0.0,0.0,0.0,0.0,0.0,0.0,0.0,0.0,0.0,0.0,0.0,0.0,0.0,0.0,0.0,0.0,0.0,0.0,0.0,0.0
7,0.19962294050073412,0.7777777777777778,5,-0.05253464097230831,0.0,0.1275600802739415,0.2249526108806915,-0.06023451977211741,0.0,0.18710382662608788,0.3349844686650776,-0.04188699365418111,0.0,0.09070445801709229,0.14999779843661898,-0.05668728840815787,0.0,0.1514145115137547,0.24999788452741184,-0.056723784213376954,0.0,0.15825100863685196,0.25,-0.03756865848205293,0.0,0.08452662220482418,0.15,-0.05253464097230831,0.0,0.12756008027394145,0.2249526108806913,-0.05253464097230831,0.0,0.12756008027394145,0.2249526108806913
8,0.37414628534482397,0.8636363636363636,8,-0.1779673361192845,0.0,0.15066056941263353,0.225,-0.19128245686742223,0.0,0.16985754598653438,0.30000000000000004,-0.14953348549911036,0.0,0.11319587597444519,0.14999999999999997,-0.18335359338266377,0.0,0.16169262598330597,0.25,-0.18334406580228543,0.0,0.1610656597586764,0.25,-0.13884004010141066,0.0,0.10922412293823659,0.15,-0.1779673361192845,0.0,0.1506605694126335,0.225,-0.1779673361192845,0.0,0.1506605694126335,0.225
9,0.10892417711366309,1.0,4,0.0,0.0,0.0,0.0,0.0,0.0,0.0,0.0,0.0,0.0,0.0,0.0,0.0,0.0,0.0,0.0,0.0,0.0,0.0,0.0,0.0,0.0,0.0,0.0,0.0,0.0,0.0,0.0,0.0,0.0,0.0,0.0
10,0.11671701012248975,1.0,4,-0.1021366324789628,0.0,0.17890779104346693,0.2250000000000002,-0.11526133123918535,0.0,0.23371555403459787,0.30000000000000027,-0.08361583525581438,0.0,0.1368707500467085,0.14997188151762894,-0.10952523180685543,0.0,0.20463652605359692,0.24812240296092708,-0.10649923645780784,0.0,0.20784527290051724,0.2499776321039534,-0.07937851389657959,0.0,0.1245670947765859,0.15,-0.1021366324789628,0.0,0.17890779104346682,0.22499999999999998,-0.1021366324789628,0.0,0.17890779104346682,0.22499999999999998
11,0.4038997774318197,1.0,4,-0.10862556334004414,0.0,0.20623387563007556,0.22500000000000003,-0.17606496404654462,0.0,0.24371035293848586,0.30000000000000004,-0.01859274772947528,0.0,0.06249876570849102,0.1499950628339645,-0.01859274772947528,0.0,0.062498765708491166,0.14999506283396466,-0.13247853660093428,0.0,0.21246677256126256,0.25,-0.04534886423087464,0.0,0.15,0.15,-0.10862556334004414,0.0,0.20623387563007559,0.225,-0.10862556334004414,0.0,0.20623387563007559,0.225
12,0.5010084175692193,0.6875,7,-0.20278980245921419,-0.125,0.08691214961569718,0.21928430487530728,-0.2948398190394623,-0.0625,0.13507323858017664,0.3367684110889879,-0.13300636418916656,-0.125,0.0647515415208425,0.14882050279782105,-0.23052696472728185,-0.125,0.10232148049106159,0.24181020097084263,-0.22501290611356028,-0.125,0.0987275627477737,0.2498827007912836,-0.12885612081664982,-0.125,0.0847979254547578,0.14983991688260018,-0.20278980245921419,-0.125,0.08691214961569718,0.21928430487530728,-0.20278980245921419,-0.125,0.08691214961569718,0.21928430487530728
13,0.30924275481653085,0.8947368421052632,7,-0.07250400493573528,0.0,0.04285714285714286,0.07500000000000005,-0.07250400493573528,0.0,0.04285714285714286,0.07500000000000005,-0.12369730272562446,0.0,0.046419006607638695,0.09993799909135156,-0.12369730272562446,0.0,0.04641900660763869,0.0999379990913516,-0.09251554250645042,0.0,0.04284087280324689,0.1,-0.07250400493573528,0.0,0.04285714285714286,0.075,-0.07250400493573528,0.0,0.04285714285714286,0.075,-0.07250400493573528,0.0,0.04285714285714286,0.075
14,0.19278893092108604,0.8,4,-0.002352998946846485,0.0,0.02330930912120873,0.09323723648483492,-0.002352998946846485,0.0,0.02330930912120873,0.09323723648483492,-0.002352998946846485,0.0,0.01267454795525209,0.05069819182100836,-0.002352998946846485,0.0,0.012674547955252092,0.05069819182100837,-0.002352998946846485,0.0,0.01539705286684311,0.06158821146737244,-0.002352998946846485,0.0,0.02330930912120873,0.09323723648483492,-0.002352998946846485,0.0,0.02330930912120873,0.09323723648483492,-0.002352998946846485,0.0,0.02330930912120873,0.09323723648483492
15,0.08121988295562715,0.8888888888888888,5,0.0,0.0,0.0,0.0,0.0,0.0,0.0,0.0,0.0,0.0,0.0,0.0,0.0,0.0,0.0,0.0,0.0,0.0,0.0,0.0,0.0,0.0,0.0,0.0,0.0,0.0,0.0,0.0,0.0,0.0,0.0,0.0
16,1.121312379461662,1.0,7,-0.45535639210493084,0.0,0.04214087050516452,0.11976109834487325,-0.45535639210493084,0.0,0.04214087050516452,0.11976109834487325,-0.531682288608801,0.0,0.06665531127673756,0.13956041989562049,-0.531682288608801,0.0,0.06665531127673754,0.13956041989562046,-0.529798624084895,0.0,0.055006119053945195,0.12832502636517928,-0.45535639210493084,0.0,0.04214087050516453,0.11976109834487328,-0.45535639210493084,0.0,0.04214087050516453,0.11976109834487328,-0.45535639210493084,0.0,0.04214087050516453,0.11976109834487328
17,0.18128589280289967,0.625,5,-0.01489218849568369,0.0,0.05999999999999992,0.2249999999999996,-0.015024933247638178,0.0,0.07499999999999989,0.29999999999999943,-0.013658684776182067,0.0,0.050000000000000114,0.12500000000000053,-0.015024933247638178,0.0,0.065,0.25,-0.015024933247638178,0.0,0.06999999999999999,0.25,-0.014892188495683717,0.0,0.075,0.15,-0.01489218849568369,0.0,0.06,0.225,-0.01489218849568369,0.0,0.06,0.225
18,0.06228247741564123,1.0,5,0.0,0.0,0.0,0.0,0.0,0.0,0.0,0.0,0.0,0.0,0.0,0.0,0.0,0.0,0.0,0.0,0.0,0.0,0.0,0.0,0.0,0.0,0.0,0.0,0.0,0.0,0.0,0.0,0.0,0.0,0.0,0.0
19,0.11143349238616862,0.8571428571428571,6,0.0,0.0,0.0,0.0,0.0,0.0,0.0,0.0,0.0,0.0,0.0,0.0,0.0,0.0,0.0,0.0,0.0,0.0,0.0,0.0,0.0,0.0,0.0,0.0,0.0,0.0,0.0,0.0,0.0,0.0,0.0,0.0
20,0.010498352740515632,1.0,4,-0.010280474217595254,0.0,0.08132384137953065,0.15,-0.010280474217595254,0.0,0.08132384137953065,0.15,-0.009578592870323385,0.0,0.07894051000185777,0.14077144700511188,-0.010296812124810975,0.0,0.0885219619887929,0.15410377925351307,-0.010498352740515632,0.0,0.09621308100011292,0.14998396344660844,-0.009033114802561732,0.0,0.06257384137953066,0.10029536551812264,-0.010280474217595254,0.0,0.08132384137953066,0.15000000000000002,-0.010280474217595254,0.0,0.08132384137953066,0.15000000000000002
21,0.04744913829861531,1.0,5,-0.02092320597140961,0.0,0.07499999999999998,0.22499999999999995,-0.020923205971409606,0.0,0.07499999999999998,0.29999999999999993,-0.014910791541532742,0.0,0.05499999999999999,0.14999999999999997,-0.02390323194155905,0.0,0.08499999999999999,0.25,-0.022415384869555077,0.0,0.08,0.25,-0.016420488310408356,0.0,0.059999999999999984,0.14999999999999997,-0.02092320597140961,0.0,0.07499999999999998,0.22499999999999995,-0.02092320597140961,0.0,0.07499999999999998,0.22499999999999995
22,0.21787410800031767,1.0,4,-0.12439321678259935,0.0,0.1499999999999999,0.22499999999999992,-0.12686308878468627,0.0,0.16874999999999984,0.2999999999999999,-0.09622798703152702,0.0,0.10833471264052155,0.15000000000000074,-0.13284586042378005,0.0,0.1644979237358671,0.24999999999999997,-0.12850722911162069,0.0,0.16249999999999998,0.25,-0.07972227146839675,0.0,0.09375,0.15,-0.12439321678259935,0.0,0.15,0.225,-0.12439321678259935,0.0,0.15,0.225
23,0.21369491874428792,1.0,3,0.0,0.0,0.0,0.0,0.0,0.0,0.0,0.0,0.0,0.0,0.0,0.0,0.0,0.0,0.0,0.0,0.0,0.0,0.0,0.0,0.0,0.0,0.0,0.0,0.0,0.0,0.0,0.0,0.0,0.0,0.0,0.0
24,0.40951104690375006,0.9411764705882353,7,-0.2569652980236226,0.0,0.08925547766362037,0.2497883436453429,-0.2569652980236226,0.0,0.08925547766362037,0.2497883436453429,0.0,0.0,0.0,0.0,0.0,0.0,0.0,0.0,-0.08375981813958355,0.0,0.021428571428571432,0.1,-0.18273006024148164,0.0,0.05603673348402942,0.14999999999999997,-0.2569652980236226,0.0,0.08925547766362042,0.24978834364534297,-0.2569652980236226,0.0,0.08925547766362042,0.24978834364534297
25,0.12138261605705107,1.0,5,-0.005184881488046758,0.0,0.045000000000000005,0.07500000000000004,-0.005184881488046758,0.0,0.045000000000000005,0.07500000000000004,-0.005184881488046758,0.0,0.029999593043475558,0.05000000000000002,-0.005184881488046758,0.0,0.029999593043475548,0.05,-0.005184881488046758,0.0,0.030000000000000006,0.05,-0.005184881488046758,0.0,0.045,0.075,-0.005184881488046758,0.0,0.045,0.075,-0.005184881488046758,0.0,0.045,0.075
26,1.0164738598211738,0.9285714285714286,6,-0.38229350361609016,0.0,0.07332889109266078,0.21497334655596467,-0.4164046321277405,0.0,0.09791616493144091,0.28749698958864545,-0.48598660032406893,0.0,0.06595303215541605,0.14571819293249644,-0.5455727002811623,0.0,0.09403529620352652,0.23921177722115902,-0.487695080839311,0.0,0.09891227710516513,0.24347366263099074,-0.3461984055750911,0.0,0.06166526457795249,0.15,-0.38229350361609016,0.0,0.07332889109266079,0.2149733465559647,-0.38229350361609016,0.0,0.07332889109266079,0.2149733465559647
27,0.36448010986628043,0.6666666666666666,5,-0.3129402739952315,0.0,0.14923314749027713,0.2479645929691179,-0.36448010986628043,0.0,0.18303947974665746,0.32362401693793197,-0.013571281266212154,0.0,0.03999982691493973,0.14999913457469863,-0.01755227329031467,0.0,0.05999981306832475,0.24999906534162375,-0.33097253296769735,0.0,0.1529017824092914,0.25,-0.17188376716435044,0.0,0.0915905640194975,0.15,-0.3129402739952315,0.0,0.14923314749027716,0.24796459296911788,-0.3129402739952315,0.0,0.14923314749027716,0.24796459296911788
28,0.03302474048516469,1.0,3,-0.004423863479960318,0.0,0.024999999999999984,0.07499999999999996,-0.004423863479960318,0.0,0.024999999999999984,0.07499999999999996,-0.007352115817544639,0.0,0.04166666666666675,0.12500000000000025,-0.007352115817544639,0.0,0.041666666666666664,0.125,-0.005890076678971578,0.0,0.03333333333333333,0.1,-0.004423863479960318,0.0,0.025000000000000005,0.07500000000000001,-0.004423863479960318,0.0,0.025000000000000005,0.07500000000000001,-0.004423863479960318,0.0,0.025000000000000005,0.07500000000000001
29,0.6004374510241467,1.0,7,-0.2676446352402314,0.0,0.0642857142857143,0.2250000000000001,-0.3530644721594204,0.0,0.08571428571428573,0.3000000000000001,-0.16756381681069155,0.0,0.04285714285714285,0.15,-0.29757965545899145,0.0,0.07142857142857142,0.24999999999999997,-0.2975796554589917,0.0,0.07142857142857142,0.24999999999999997,-0.16756381681069143,0.0,0.04285714285714286,0.15,-0.2676446352402314,0.0,0.0642857142857143,0.225,-0.2676446352402314,0.0,0.0642857142857143,0.225
30,0.2713596441882598,1.0,3,-0.1581558238808253,0.0,0.2291975656092566,0.23765475863063515,-0.2345576407722728,0.0,0.2902992977353464,0.3463306216560563,-0.09768224091474009,0.0,0.09650565135695453,0.14998488913517416,-0.18864333153092344,0.0,0.24932284400896784,0.24999308247943494,-0.17869076763510616,0.0,0.24736867872561805,0.25,-0.09637139754009774,0.0,0.0934667891140128,0.15,-0.1581558238808253,0.0,0.22919756560925672,0.23765475863063537,-0.1581558238808253,0.0,0.22919756560925672,0.23765475863063537
31,0.007896621961859137,0.8571428571428571,7,-0.00607007304369958,-0.07142857142857151,0.053561315488251424,0.14992920841775995,-0.00607007304369958,-0.07142857142857151,0.053561315488251424,0.14992920841775995,-0.006377188241837866,0.0,0.03213116694132174,0.07491850203929727,-0.006377188241837866,0.0,0.032131166941321676,0.07491850203929723,-0.005803298991525915,0.0,0.02953939320808501,0.056775752456595094,-0.00607007304369958,-0.07142857142857151,0.053561315488251424,0.14992920841775995,-0.00607007304369958,-0.07142857142857151,0.053561315488251424,0.14992920841775995,-0.00607007304369958,-0.07142857142857151,0.053561315488251424,0.14992920841775995
32,0.20503009781334028,1.0,5,-0.07508956380606727,0.0,0.1272270911319995,0.22500000000000012,-0.10809750747684249,0.0,0.18626521343401517,0.3313264302856887,-0.03612097877832532,0.0,0.07499997038439994,0.12500000000000003,-0.07931657645543477,0.0,0.14999937861858514,0.25,-0.08208378525973169,0.0,0.14385126366038453,0.25,-0.04860124113074302,0.0,0.08362711161162413,0.15,-0.07508956380606727,0.0,0.12722709113199945,0.22500000000000003,-0.07508956380606727,0.0,0.12722709113199945,0.22500000000000003
33,0.39633605828526536,1.0,4,-0.1723423457699533,0.0,0.14994173767517505,0.225,-0.20209277150414512,0.0,0.1686125148525638,0.2999999999999999,-0.09107891652929434,0.0,0.08749504733093451,0.12499999999999996,-0.19233777940436575,0.0,0.1499950473309345,0.25,-0.19233777940436575,0.0,0.14999595905614563,0.25,-0.05426140842120902,0.0,0.075,0.15,-0.1723423457699533,0.0,0.14994173767517507,0.225,-0.1723423457699533,0.0,0.14994173767517507,0.225
34,0.04746848258216046,0.9166666666666666,6,-0.007052396033973542,0.0,0.024999999999999994,0.07500000000000007,-0.007052396033973542,0.0,0.024999999999999994,0.07500000000000007,-0.007052396033973542,0.0,0.020833333333333367,0.07500000000000007,-0.007052396033973542,0.0,0.020833333333333332,0.07500000000000001,-0.007052396033973542,0.0,0.025000000000000005,0.1,-0.007052396033973542,0.0,0.024999999999999998,0.075,-0.007052396033973542,0.0,0.024999999999999998,0.075,-0.007052396033973542,0.0,0.024999999999999998,0.075
35,0.0670133985962468,1.0,5,-0.017202437900899994,0.0,0.06770152719359294,0.2250000000000001,-0.017202437900899994,0.0,0.06770152719359294,0.2250000000000001,-0.017202437900899994,0.0,0.06468152238957443,0.12499999999999996,-0.017202437900899994,0.0,0.06027765727679122,0.225,-0.017202437900899994,0.0,0.06502276352615387,0.20000000000000004,-0.017202437900899994,0.0,0.06770152719359293,0.15,-0.017202437900899994,0.0,0.06770152719359293,0.225,-0.017202437900899994,0.0,0.06770152719359293,0.225
36,0.14252956675564363,0.8571428571428571,6,-0.08877847171395595,0.0,0.11586890079288613,0.24563475551882438,-0.08877847171395595,0.0,0.09023782105103585,0.316426926306215,-0.06986988669615023,0.0,0.09921989922239242,0.1499999999999995,-0.0896522273286281,0.0,0.10390949669134071,0.24856942944579552,-0.08444075432660167,0.0,0.11821101084908425,0.20945943012072835,-0.06388734443976875,0.0,0.08412881819317276,0.14991296789198133,-0.08877847171395595,0.0,0.11586890079288614,0.24563475551882438,-0.08877847171395595,0.0,0.11586890079288614,0.24563475551882438
37,0.11899179227030213,0.6666666666666666,4,0.0,0.0,0.0,0.0,0.0,0.0,0.0,0.0,0.0,0.0,0.0,0.0,0.0,0.0,0.0,0.0,0.0,0.0,0.0,0.0,0.0,0.0,0.0,0.0,0.0,0.0,0.0,0.0,0.0,0.0,0.0,0.0
38,0.04718019715657829,1.0,6,-0.01618021489360811,0.0,0.03749999999999998,0.14999999999999994,-0.01618021489360811,0.0,0.03749999999999998,0.14999999999999994,-0.02146307626460215,0.0,0.03750000000000001,0.1250000000000001,-0.021463076264602168,0.0,0.0375,0.2,-0.021463076264602168,0.0,0.041666666666666664,0.2,-0.016180214893608102,0.0,0.025000000000000005,0.07500000000000001,-0.01618021489360811,0.0,0.037500000000000006,0.15000000000000002,-0.01618021489360811,0.0,0.037500000000000006,0.15000000000000002
39,0.001792865765814221,1.0,3,-0.001792865765814221,0.0,0.02500000000000001,0.07500000000000002,-0.001792865765814221,0.0,0.02500000000000001,0.07500000000000002,-0.001792865765814221,0.0,0.02500000000000006,0.07500000000000018,-0.001792865765814221,0.0,0.024999999999999998,0.075,-0.001792865765814221,0.0,0.03333333333333333,0.09999999999999999,-0.001792865765814221,0.0,0.024999999999999994,0.07499999999999998,-0.001792865765814221,0.0,0.024999999999999994,0.07499999999999998,-0.001792865765814221,0.0,0.024999999999999994,0.07499999999999998
40,0.7781713806312347,1.0,6,-0.18233258474550396,0.0,0.08111456184261075,0.20457742706317952,-0.18233258474550396,0.0,0.08111456184261075,0.20457742706317952,-0.22139121166610565,0.0,0.0864358058550118,0.14055774341793506,-0.22158908144488432,0.0,0.08904462606985025,0.16158487060507415,-0.23405567387351345,0.0,0.09895174102955578,0.22792288163537577,-0.1635382675277699,0.0,0.06944936761139836,0.1345862616759054,-0.18233258474550396,0.0,0.08111456184261073,0.2045774270631796,-0.18233258474550396,0.0,0.08111456184261073,0.2045774270631796
41,0.06935028766045948,1.0,5,-0.04925618602647358,0.0,0.1341611676362756,0.2249685750488197,-0.04965309867806006,0.0,0.16228038415663656,0.2992426666361189,-0.03835987488839962,0.0,0.08968901769259865,0.14998508350095127,-0.04944457485714677,0.0,0.14653848617614496,0.24997607681390638,-0.04945787597934505,0.0,0.14718865169388845,0.24998390498126954,-0.036643442641117505,0.0,0.08885194388257436,0.1499743954023684,-0.04925618602647358,0.0,0.1341611676362756,0.22496857504881998,-0.04925618602647358,0.0,0.1341611676362756,0.22496857504881998
42,0.07578318172822071,1.0,5,-0.004241962568254876,0.0,0.02999999999999999,0.075,-0.004241962568254876,0.0,0.02999999999999999,0.075,-0.004241962568254876,0.0,0.019999631615660762,0.05,-0.004241962568254876,0.0,0.019999631615660787,0.05,-0.004241962568254876,0.0,0.02,0.05,-0.004241962568254876,0.0,0.03,0.075,-0.004241962568254876,0.0,0.03,0.075,-0.004241962568254876,0.0,0.03,0.075
43,0.3217303755072992,1.0,6,-0.0014070294237850667,0.0,0.01250000000000001,0.07500000000000005,-0.0014070294237850667,0.0,0.01250000000000001,0.07500000000000005,-0.0014070294237850667,0.0,0.012499999999999985,0.07499999999999991,-0.0014070294237850667,0.0,0.012500000000000002,0.07500000000000001,-0.0014070294237850667,0.0,0.016666666666666666,0.1,-0.0014070294237850667,0.0,0.012499999999999999,0.075,-0.0014070294237850667,0.0,0.012499999999999999,0.075,-0.0014070294237850667,0.0,0.012499999999999999,0.075
44,0.12178115480025294,1.0,4,0.0,0.0,0.0,0.0,0.0,0.0,0.0,0.0,0.0,0.0,0.0,0.0,0.0,0.0,0.0,0.0,0.0,0.0,0.0,0.0,0.0,0.0,0.0,0.0,0.0,0.0,0.0,0.0,0.0,0.0,0.0,0.0
45,0.11738248147506826,0.8,5,-0.02196767287716847,0.0,0.12000000000000006,0.22500000000000026,-0.022559154968423062,0.0,0.15000000000000008,0.3000000000000003,-0.0068087913468204975,0.0,0.039999999999999994,0.1249999999999999,-0.007159241689222703,0.0,0.05,0.25,-0.007159241689222703,0.0,0.05,0.25,-0.012074580198117787,0.0,0.075,0.15,-0.02196767287716847,0.0,0.12,0.225,-0.02196767287716847,0.0,0.12,0.225
46,0.1402915735348095,1.0,3,-0.01922117543217096,0.0,0.13725189242097732,0.22499999999999987,-0.020104611143874795,0.0,0.18553413938319138,0.3316024181495742,-0.015562181683350176,0.0,0.08333333333333341,0.12500000000000025,-0.020104611143874795,0.0,0.16364101887765548,0.25,-0.020104611143874795,0.0,0.15683779318201344,0.24999999999999997,-0.01744654383983127,0.0,0.09999999999999999,0.15,-0.01922117543217096,0.0,0.13725189242097738,0.225,-0.01922117543217096,0.0,0.13725189242097738,0.225
47,0.07653412663278224,0.8888888888888888,5,-0.042097453638048635,0.0,0.13918259781933512,0.24600070845476285,-0.045295388706284336,0.0,0.16912551406103138,0.29995883107926524,-0.031639699889311756,0.0,0.08980393664339173,0.14996922127835852,-0.04370781804894064,0.0,0.14922608201898332,0.24993267071703393,-0.04226794598032654,0.0,0.14338821952144723,0.24994607620128093,-0.030247376869044496,0.0,0.0895692202761317,0.1499677451502485,-0.042097453638048635,0.0,0.13918259781933504,0.24600070845476285,-0.042097453638048635,0.0,0.13918259781933504,0.24600070845476285
48,0.07901324111039881,0.7142857142857143,5,-0.07202002197714266,0.0,0.11639055251878509,0.22499999999999973,-0.07901324111039881,0.0,0.13885605705982612,0.3192802852991306,-0.051691065908647436,0.0,0.08311459778426962,0.14996010096193602,-0.07693229246545666,0.0,0.13438429137760385,0.247044246197172,-0.07901324111039881,0.0,0.1394596117084308,0.25,-0.050634234701885175,0.0,0.08005740317255525,0.14999999999999997,-0.07202002197714266,0.0,0.11639055251878513,0.225,-0.07202002197714266,0.0,0.11639055251878513,0.225
49,0.16683628830359343,0.8333333333333334,4,-0.10956330946233668,0.0,0.15289697862321613,0.22500000000000003,-0.11485669129471426,0.0,0.18373155004303185,0.30000000000000004,-0.08619060949540064,0.0,0.09999943768467284,0.1499977507386917,-0.10417520687725873,0.0,0.13786138971370399,0.25,-0.10331961015909541,0.0,0.13492169027487028,0.25,-0.09396744280245392,0.0,0.10928218145380081,0.15,-0.10956330946233668,0.0,0.15289697862321613,0.225,-0.10956330946233668,0.0,0.15289697862321613,0.225
50,0.5596546640937298,0.7222222222222222,7,-0.2543393129936008,0.0,0.13047443557993757,0.24671373069773087,-0.27536345052776157,0.0,0.13826814844030486,0.3017565495636226,-0.21819055682768762,0.0,0.09504012203012577,0.14999884756017096,-0.26164354783527677,0.0,0.12389652324101742,0.2489942343069102,-0.2652918052213764,0.0,0.13833463836851367,0.24999999999999997,-0.22433813110927148,0.0,0.09289359442766439,0.15,-0.2543393129936008,0.0,0.13047443557993751,0.24671373069773087,-0.2543393129936008,0.0,0.13047443557993751,0.24671373069773087
51,0.1522321425586467,1.0,7,-0.05793176779644875,0.0,0.08911213165027468,0.24885611547145267,-0.06087547390467013,0.0,0.09642857142857143,0.30000000000000016,-0.02866906287379936,0.0,0.0459200710839515,0.14644049758766034,-0.04309862623243313,0.0,0.07351718340113218,0.25,-0.062279975839708665,0.0,0.09285714285714286,0.25,-0.040827678249026916,0.0,0.06428571428571428,0.15,-0.05793176779644875,0.0,0.08911213165027468,0.2488561154714526,-0.05793176779644875,0.0,0.08911213165027468,0.2488561154714526
52,0.08990080305692234,1.0,5,-0.048118920961437654,0.0,0.10500000000000002,0.2250000000000001,-0.04811892096143768,0.0,0.12000000000000002,0.3000000000000001,-0.00502740001423381,0.0,0.02455212002700925,0.04999991152075913,-0.00502740001423381,0.0,0.024552120027009287,0.04999991152075925,-0.005027400014233782,0.0,0.029488057212665897,0.05,-0.025553470046033075,0.0,0.075,0.15,-0.048118920961437654,0.0,0.10500000000000001,0.225,-0.048118920961437654,0.0,0.10500000000000001,0.225
53,0.25027057640684075,1.0,5,-0.027967732298250947,0.0,0.12215068146350024,0.2249609543701106,-0.028513098616402305,0.0,0.13715718406742516,0.29994119796815416,-0.024381779095489775,0.0,0.08783764451416518,0.1499816318555406,-0.028512457333876723,0.0,0.13666914797632096,0.2499689673432538,-0.028476450573105827,0.0,0.13474207085488465,0.24998653775643997,-0.022423760149365396,0.0,0.08010844468584864,0.1499682442396384,-0.027967732298250947,0.0,0.1221506814635002,0.22496095437011063,-0.027967732298250947,0.0,0.1221506814635002,0.22496095437011063
54,0.043556631709485566,1.0,4,0.0,0.0,0.0,0.0,0.0,0.0,0.0,0.0,0.0,0.0,0.0,0.0,0.0,0.0,0.0,0.0,0.0,0.0,0.0,0.0,0.0,0.0,0.0,0.0,0.0,0.0,0.0,0.0,0.0,0.0,0.0,0.0
55,0.2083135510469871,0.8333333333333334,4,-0.07552574312204163,0.0,0.14288117226686137,0.22473070314231955,-0.10649740490119765,0.0,0.1985221010545744,0.29969706939218144,-0.013231281829609004,0.0,0.054029601480979794,0.14112907376820377,-0.013231281829609004,0.0,0.05394407278371982,0.21577629113487928,-0.013231281829609004,0.0,0.04896398753739934,0.19585595014959736,-0.04276251618591556,0.0,0.10669699790380142,0.14997008128786332,-0.07552574312204163,0.0,0.14288117226686142,0.22473070314231955,-0.07552574312204163,0.0,0.14288117226686142,0.22473070314231955
56,0.7181575501158968,0.8571428571428571,6,-0.3307844117886482,0.0,0.13371892595404947,0.22498666797145772,-0.3681177423080585,0.0,0.158366030446645,0.29995810021969344,-0.22531568460460777,-0.07142857142857151,0.09567962032603673,0.14999841379685472,-0.3064043044930267,0.0,0.14024369403386774,0.2499955499424694,-0.32713278590972383,0.0,0.13443119929559408,0.24999384803126248,-0.2380866753075186,0.0,0.0966502778515183,0.15,-0.3307844117886482,0.0,0.1337189259540495,0.22498666797145753,-0.3307844117886482,0.0,0.1337189259540495,0.22498666797145753
57,0.048079107292118235,1.0,5,-0.02308700217508404,0.0,0.09,0.225,-0.023087002175084043,0.0,0.09,0.29999999999999993,-0.013459049174411812,0.0,0.05499999999999999,0.15,-0.02444781558800485,0.0,0.095,0.25,-0.023087002175084057,0.0,0.09,0.25,-0.0064704523670758435,0.0,0.030000000000000006,0.07500000000000001,-0.02308700217508404,0.0,0.09000000000000001,0.22500000000000003,-0.02308700217508404,0.0,0.09000000000000001,0.22500000000000003
58,0.04507860936609093,0.8888888888888888,5,-0.04507860936609093,0.0,0.06000000000000003,0.22500000000000017,-0.04507860936609093,0.0,0.06000000000000005,0.30000000000000027,-0.04507860936609093,0.0,0.05000000000000001,0.12500000000000014,-0.04507860936609093,0.0,0.05,0.25,-0.04507860936609093,0.0,0.05,0.25,-0.04372392922627332,0.0,0.045,0.15,-0.04507860936609093,0.0,0.06,0.22499999999999998,-0.04507860936609093,0.0,0.06,0.22499999999999998
59,0.029997726804348146,1.0,5,-0.02946992359418996,0.0,0.11999421759644605,0.22499999999999973,-0.029997726804348146,0.0,0.13499421759644603,0.29999999999999966,-0.02588065879265056,0.0,0.112593148380809,0.1499983862610422,-0.02616108168975679,0.0,0.12236301503559917,0.1749929812920073,-0.026586982693741993,0.0,0.11767413578905324,0.18062222894278504,-0.027586404005503294,0.0,0.1101125451442297,0.15,-0.02946992359418996,0.0,0.1199942175964461,0.225,-0.02946992359418996,0.0,0.1199942175964461,0.225
60,0.08187732724685431,0.7333333333333333,7,0.0,0.0,0.0,0.0,0.0,0.0,0.0,0.0,0.0,0.0,0.0,0.0,0.0,0.0,0.0,0.0,0.0,0.0,0.0,0.0,0.0,0.0,0.0,0.0,0.0,0.0,0.0,0.0,0.0,0.0,0.0,0.0
61,0.08843305955056116,1.0,4,-0.007133315867834736,0.0,0.06730021045031857,0.19420084180127425,-0.007133315867834736,0.0,0.06730021045031857,0.19420084180127425,-0.007133315867834736,0.0,0.05576089757146219,0.12305571284355765,-0.007133315867834736,0.0,0.061596299708112194,0.14639732139015765,-0.007133315867834736,0.0,0.0668382419879892,0.16736288757396553,-0.007133315867834736,0.0,0.05321583984715372,0.1378633593886149,-0.007133315867834736,0.0,0.06730021045031855,0.1942008418012742,-0.007133315867834736,0.0,0.06730021045031855,0.1942008418012742
62,0.2049864185966821,1.0,4,-0.09081333056836688,0.0,0.1687358957737704,0.22499999999999998,-0.10755455576601952,0.0,0.20621359852450857,0.29999999999999977,-0.050991026046400934,0.0,0.09999684379443034,0.14998737517772132,-0.10090040411949587,0.0,0.18747942642949872,0.25,-0.10093557313673746,0.0,0.1874794760352829,0.25,-0.05963843292581594,0.0,0.11249658796060572,0.15,-0.09081333056836688,0.0,0.16873589577377038,0.22499999999999998,-0.09081333056836688,0.0,0.16873589577377038,0.22499999999999998
63,0.14476322214549153,0.9230769230769231,6,-0.045922321803662125,-0.07692307692307687,0.08964632803316408,0.23787796819898446,-0.045922321803662125,-0.07692307692307687,0.08275962594662106,0.3465577556797263,-0.039887606828620484,-0.07692307692307687,0.0752825838821835,0.13946014308065377,-0.045922321803662125,-0.07692307692307687,0.08571123851126722,0.23926743106760331,-0.045922321803662125,-0.07692307692307687,0.08974497954786993,0.2384698772872196,-0.03912145997853586,-0.07692307692307687,0.09076515963753588,0.15,-0.045922321803662125,-0.07692307692307687,0.08964632803316408,0.23787796819898446,-0.045922321803662125,-0.07692307692307687,0.08964632803316408,0.23787796819898446
64,0.03674810158274261,1.0,3,0.0,0.0,0.0,0.0,0.0,0.0,0.0,0.0,0.0,0.0,0.0,0.0,0.0,0.0,0.0,0.0,0.0,0.0,0.0,0.0,0.0,0.0,0.0,0.0,0.0,0.0,0.0,0.0,0.0,0.0,0.0,0.0
65,0.05931186940100005,0.9166666666666666,6,-0.013354503662391201,0.0,0.06250000000000001,0.22499999999999998,-0.013354503662391201,0.0,0.06250000000000001,0.22499999999999998,-0.013163213284875928,0.0,0.05416616102277316,0.149996966136639,-0.013354503662391201,0.0,0.05833281324309406,0.17499687945856437,-0.013354503662391201,0.0,0.06666666666666667,0.2,-0.013046631879037672,0.0,0.049999999999999996,0.15,-0.013354503662391201,0.0,0.0625,0.225,-0.013354503662391201,0.0,0.0625,0.225
66,0.08989830442499935,1.0,4,-0.02439566229861999,0.0,0.05567799399544875,0.222711975981795,-0.035360717356167345,0.0,0.07437305285152745,0.2974922114061098,-0.014690124718392913,0.0,0.018750000000000017,0.05000000000000004,-0.014690124718392913,0.0,0.01875,0.049999999999999996,-0.014690124718392913,0.0,0.025,0.05,-0.016962953767849745,0.0,0.037038521032276096,0.14815408412910439,-0.02439566229861999,0.0,0.05567799399544874,0.22271197598179496,-0.02439566229861999,0.0,0.05567799399544874,0.22271197598179496
67,0.0,1.0,3,0.0,0.0,0.0,0.0,0.0,0.0,0.0,0.0,0.0,0.0,0.0,0.0,0.0,0.0,0.0,0.0,0.0,0.0,0.0,0.0,0.0,0.0,0.0,0.0,0.0,0.0,0.0,0.0,0.0,0.0,0.0,0.0
68,0.11087738891149414,1.0,3,0.0,0.0,0.0,0.0,0.0,0.0,0.0,0.0,0.0,0.0,0.0,0.0,0.0,0.0,0.0,0.0,0.0,0.0,0.0,0.0,0.0,0.0,0.0,0.0,0.0,0.0,0.0,0.0,0.0,0.0,0.0,0.0
69,0.09697212076962151,1.0,4,0.0,0.0,0.0,0.0,0.0,0.0,0.0,0.0,0.0,0.0,0.0,0.0,0.0,0.0,0.0,0.0,0.0,0.0,0.0,0.0,0.0,0.0,0.0,0.0,0.0,0.0,0.0,0.0,0.0,0.0,0.0,0.0
70,0.02823723165920597,1.0,3,-0.02684597949997138,0.0,0.17499999999999993,0.22499999999999992,-0.02769740621093363,0.0,0.17499999999999993,0.2999999999999999,-0.022181226293656795,0.0,0.13378471687383722,0.149997790990418,-0.028135785618151415,0.0,0.20044354796237585,0.24999699363953912,-0.02769740621093361,0.0,0.18332799496039195,0.25,-0.02125203505178827,0.0,0.125,0.15,-0.02684597949997138,0.0,0.17499999999999996,0.22499999999999998,-0.02684597949997138,0.0,0.17499999999999996,0.22499999999999998
71,0.11367562029527423,1.0,6,-0.06898684539442235,0.0,0.05000000000000002,0.22500000000000006,-0.06898684539442235,0.0,0.05000000000000002,0.22500000000000006,-0.07242001949873389,0.0,0.05416666666666664,0.14999999999999997,-0.07242001949873392,0.0,0.05416666666666666,0.24999999999999997,-0.07242001949873389,0.0,0.05833333333333333,0.25,-0.06898684539442233,0.0,0.05000000000000001,0.15,-0.06898684539442235,0.0,0.05000000000000001,0.22500000000000003,-0.06898684539442235,0.0,0.05000000000000001,0.22500000000000003
72,0.08651839533898054,1.0,4,0.0,0.0,0.0,0.0,0.0,0.0,0.0,0.0,0.0,0.0,0.0,0.0,0.0,0.0,0.0,0.0,0.0,0.0,0.0,0.0,0.0,0.0,0.0,0.0,0.0,0.0,0.0,0.0,0.0,0.0,0.0,0.0
73,0.2257581325691403,0.8461538461538461,6,-0.06393221507457428,-0.07692307692307698,0.12061949197135753,0.2312537835403446,-0.07290397362949119,-0.07692307692307698,0.15873350473229556,0.3099410711363494,-0.04106703944830495,-0.07692307692307698,0.06024399782788411,0.14943696006075727,-0.06050809918800734,-0.07692307692307698,0.09720490551340817,0.25,-0.06417390912221008,-0.07692307692307698,0.11823399127758123,0.24825460432749746,-0.04500371884911711,-0.07692307692307698,0.09568020333269839,0.15,-0.06393221507457428,-0.07692307692307698,0.12061949197135746,0.23125378354034445,-0.06393221507457428,-0.07692307692307698,0.12061949197135746,0.23125378354034445
74,0.07957189667294791,1.0,5,0.0,0.0,0.0,0.0,0.0,0.0,0.0,0.0,0.0,0.0,0.0,0.0,0.0,0.0,0.0,0.0,0.0,0.0,0.0,0.0,0.0,0.0,0.0,0.0,0.0,0.0,0.0,0.0,0.0,0.0,0.0,0.0
75,0.5665159830212096,0.9375,7,-0.3876086608720961,0.0,0.17486863620685625,0.22499999999999995,-0.43227512061333073,0.0,0.2070096655767831,0.29999999999999993,-0.26575045424696575,0.0,0.11365842912610648,0.15000000000000002,-0.41349933979611136,0.0,0.19092853759381892,0.25,-0.43853410219789546,0.0,0.20062121682653797,0.25,-0.32177846467594373,0.0,0.13201514932500857,0.15,-0.3876086608720961,0.0,0.17486863620685625,0.225,-0.3876086608720961,0.0,0.17486863620685625,0.225
76,0.5182081584339803,0.7222222222222222,7,-0.10892903504248341,0.0,0.13006378800319984,0.23664485352565237,-0.20303756208570423,0.0,0.21519328794228107,0.3075698838810636,-0.0861336791199594,0.0,0.09971310815608532,0.14999986892005218,-0.11492052520299223,0.0,0.13710203088275005,0.25,-0.10981613143769531,0.0,0.13156972928635155,0.25,-0.07734796418339507,0.0,0.09597331698022267,0.15,-0.10892903504248341,0.0,0.1300637880031998,0.23664485352565237,-0.10892903504248341,0.0,0.1300637880031998,0.23664485352565237
77,0.09786311931975883,0.6666666666666666,3,-0.010102364622597837,0.0,0.07236125453299116,0.2170837635989735,-0.010102364622597837,0.0,0.07236125453299116,0.2170837635989735,-0.010102364622597837,0.0,0.08137940563617392,0.14413821690852152,-0.010102364622597837,0.0,0.07260779209229222,0.21782337627687665,-0.010102364622597837,0.0,0.08055419168691881,0.24166257506075645,-0.010102364622597837,0.0,0.09749949228321607,0.15,-0.010102364622597837,0.0,0.07236125453299116,0.2170837635989735,-0.010102364622597837,0.0,0.07236125453299116,0.2170837635989735
78,0.06924842793150228,0.9,5,-0.023815822337505767,0.0,0.09,0.22500000000000003,-0.03152040733000916,0.0,0.11999999999999997,0.30000000000000004,-0.014681281244763186,0.0,0.05500000000000003,0.15,-0.02639669761865361,0.0,0.1,0.25,-0.02639669761865359,0.0,0.1,0.25,-0.015995976608489892,0.0,0.06,0.15,-0.023815822337505767,0.0,0.09,0.225,-0.023815822337505767,0.0,0.09,0.225
79,0.5652738421655554,0.7333333333333333,6,-0.39078651341954396,0.0,0.1321204479368766,0.2249999999999999,-0.38511916380089917,0.0,0.13323760120167724,0.29999999999999977,-0.245325683816712,0.0,0.08259535447495402,0.1499955911564565,-0.25745876827398606,0.0,0.10715715119859663,0.24984752111107936,-0.256709654817579,0.0,0.11011729389157754,0.24987966348201646,-0.26924051512464886,0.0,0.08305146119131027,0.14993749841742388,-0.39078651341954396,0.0,0.1321204479368767,0.225,-0.39078651341954396,0.0,0.1321204479368767,0.225
80,0.5173247530069375,0.7647058823529411,10,-0.4124246693916627,0.0,0.07776052918691409,0.22500000000000006,-0.4124246693916627,0.0,0.07776052918691409,0.22500000000000006,-0.4061143952156004,0.0,0.0664608194130931,0.15000000000000013,-0.42242931895627117,0.0,0.07832459382562636,0.20130429490342772,-0.4238042303782492,0.0,0.08555614479320992,0.2232218516993942,-0.39583634890829456,0.0,0.06346332403498935,0.15,-0.4124246693916627,0.0,0.07776052918691409,0.22499999999999998,-0.4124246693916627,0.0,0.07776052918691409,0.22499999999999998
81,1.2063445666383612,0.8846153846153846,9,-0.6254118408254872,0.0,0.133070808218622,0.22500000000000028,-0.6370410927515807,0.0,0.1496532097909128,0.29999999999999993,-0.46346869439788696,0.0,0.0774911600276323,0.1499688298349235,-0.5870637662027632,0.0,0.12181853741090512,0.24988437043059522,-0.6955797227182303,0.0,0.14397275194856662,0.25,-0.5425717194663311,0.0,0.09962382747858875,0.15000000000000002,-0.6254118408254872,0.0,0.13307080821862202,0.225,-0.6254118408254872,0.0,0.13307080821862202,0.225
82,0.0648285742864511,1.0,5,-0.018439760531525143,0.0,0.1126246671818902,0.22499999999999992,-0.018439760531525143,0.0,0.1126246671818902,0.22499999999999992,-0.016560028356756795,0.0,0.07604590647990442,0.14998804099469903,-0.018907171484192443,0.0,0.10587025939665654,0.22489959807514473,-0.01732488189742387,0.0,0.09857914511328462,0.2499001353242034,-0.017426834464055206,0.0,0.11438720874064863,0.14999999999999997,-0.018439760531525143,0.0,0.11262466718189021,0.225,-0.018439760531525143,0.0,0.11262466718189021,0.225
83,0.07036502003348134,1.0,4,-0.006696854635945548,0.0,0.05124088947846229,0.20496355791384915,-0.006696854635945548,0.0,0.05124088947846229,0.20496355791384915,-0.006696854635945548,0.0,0.04604447007295056,0.13417788029180214,-0.006696854635945548,0.0,0.045042646729595674,0.1801705869183827,-0.006696854635945548,0.0,0.04480300248541962,0.1792120099416785,-0.006696854635945548,0.0,0.051924190980583707,0.13269676392233481,-0.006696854635945548,0.0,0.05124088947846228,0.20496355791384913,-0.006696854635945548,0.0,0.05124088947846228,0.20496355791384913
84,0.051883031926303544,1.0,6,-0.01182057042124069,0.0,0.071816722684797,0.22495571974265632,-0.01182057042124069,0.0,0.071816722684797,0.22495571974265632,-0.011459504818228383,0.0,0.04235160536046928,0.1499978082960161,-0.011820570421240684,0.0,0.04651827017493807,0.1749977971828289,-0.01182057042124069,0.0,0.05065079760577426,0.19997864557450298,-0.010790009392144174,0.0,0.0475121643861748,0.14996413292124616,-0.01182057042124069,0.0,0.071816722684797,0.22495571974265638,-0.01182057042124069,0.0,0.071816722684797,0.22495571974265638
85,0.12384741768429965,1.0,6,-0.059884128135029704,0.0,0.08749377938557833,0.22500000000000003,-0.05988412813502966,0.0,0.0874937793855783,0.3,-0.011517939508870173,0.0,0.0474681351684266,0.1348105675469948,-0.0115179395088702,0.0,0.06579338986816496,0.24476479176219346,-0.011517939508870173,0.0,0.06190351762461819,0.17143005623480498,-0.04568535836901218,0.0,0.07499377938557832,0.15,-0.059884128135029704,0.0,0.0874937793855783,0.22499999999999998,-0.059884128135029704,0.0,0.0874937793855783,0.22499999999999998
86,0.12419619336966578,1.0,6,-0.0855425398662986,0.0,0.049999999999999996,0.22499999999999998,-0.0855425398662986,0.0,0.049999999999999996,0.3,-0.0855425398662986,0.0,0.045833333333333455,0.1500000000000004,-0.0855425398662986,0.0,0.04583333333333334,0.25,-0.0855425398662986,0.0,0.049999999999999996,0.25,-0.0855425398662986,0.0,0.04999999999999999,0.14999999999999997,-0.0855425398662986,0.0,0.04999999999999999,0.22499999999999998,-0.0855425398662986,0.0,0.04999999999999999,0.22499999999999998
87,0.3235738119631446,1.0,4,-0.23801092062496038,0.0,0.18484884112929179,0.22499999999999998,-0.23702308429139046,0.0,0.22134795744119481,0.3,-0.20702662541600292,0.0,0.11652074989388662,0.14999999999999977,-0.2561411754747566,0.0,0.19698317002300805,0.24999583078333493,-0.25671953144373333,0.0,0.197090762951567,0.24999778356410116,-0.20718719351312487,0.0,0.12913302267292245,0.15,-0.23801092062496038,0.0,0.18484884112929176,0.225,-0.23801092062496038,0.0,0.18484884112929176,0.225
88,0.08618512014008858,1.0,6,0.0,0.0,0.0,0.0,0.0,0.0,0.0,0.0,0.0,0.0,0.0,0.0,0.0,0.0,0.0,0.0,0.0,0.0,0.0,0.0,0.0,0.0,0.0,0.0,0.0,0.0,0.0,0.0,0.0,0.0,0.0,0.0
89,0.14259131509713385,1.0,5,-0.008217810714263057,0.0,0.0546919597276587,0.19845979863829358,-0.009618914067221068,0.0,0.08140742818144137,0.3320371409072068,-0.017990566165566088,0.0,0.046429885581436015,0.13214942790718004,-0.020178290429544346,0.0,0.07382665651165055,0.24413392708242837,-0.019371327825146195,0.0,0.068629208959958,0.24314604479979,-0.007110513493801124,0.0,0.04411951671232335,0.14559758356161676,-0.008217810714263057,0.0,0.05469195972765872,0.1984597986382936,-0.008217810714263057,0.0,0.05469195972765872,0.1984597986382936
90,0.0,1.0,4,0.0,0.0,0.0,0.0,0.0,0.0,0.0,0.0,0.0,0.0,0.0,0.0,0.0,0.0,0.0,0.0,0.0,0.0,0.0,0.0,0.0,0.0,0.0,0.0,0.0,0.0,0.0,0.0,0.0,0.0,0.0,0.0
91,0.5002971087389072,1.0,6,-0.14094631843714506,0.0,0.09742991795269669,0.2249450323548885,-0.14131778950872376,0.0,0.09998969376329063,0.2999381625797437,-0.14947049968134646,0.0,0.07914481206815968,0.1499775607172132,-0.1556103765199851,0.0,0.09849089363839819,0.24990179058238135,-0.14135414556852882,0.0,0.0963853577134237,0.24992212383176407,-0.13544623618866936,0.0,0.07499312893942106,0.15,-0.14094631843714506,0.0,0.09742991795269673,0.2249450323548887,-0.14094631843714506,0.0,0.09742991795269673,0.2249450323548887
92,0.16601984020133334,0.625,5,-0.11756435181033399,0.0,0.16496771503530216,0.22499999999999995,-0.1343552458525335,0.0,0.2099263385299815,0.29999999999999993,-0.09852330467460972,0.0,0.12498811335677293,0.1500000000000003,-0.12866098474424542,0.0,0.1849505011477494,0.24999999999999997,-0.12478276621445977,0.0,0.17995279554211505,0.25,-0.0808895084286825,0.0,0.10499113107221211,0.15,-0.11756435181033399,0.0,0.16496771503530222,0.225,-0.11756435181033399,0.0,0.16496771503530222,0.225
93,0.11246057259324507,1.0,4,0.0,0.0,0.0,0.0,0.0,0.0,0.0,0.0,0.0,0.0,0.0,0.0,0.0,0.0,0.0,0.0,0.0,0.0,0.0,0.0,0.0,0.0,0.0,0.0,0.0,0.0,0.0,0.0,0.0,0.0,0.0,0.0
94,0.1971051502301345,1.0,6,-0.012327773477542991,0.0,0.04999999999999999,0.225,-0.012327773477542991,0.0,0.04999999999999999,0.225,-0.012327773477542991,0.0,0.04511364645849516,0.14999809559708563,-0.012327773477542991,0.0,0.0375,0.2,-0.012327773477542991,0.0,0.041666666666666664,0.2,-0.012327773477542991,0.0,0.062494147449441324,0.15,-0.012327773477542991,0.0,0.049999999999999996,0.225,-0.012327773477542991,0.0,0.049999999999999996,0.225
95,0.11061254470417548,1.0,5,-0.06362876988293278,0.0,0.10499999999999998,0.2250000000000001,-0.06362876988293278,0.0,0.11999999999999997,0.2999999999999999,-0.06362876988293278,0.0,0.08320246335500811,0.14999954071901536,-0.06362876988293278,0.0,0.08371765524468519,0.1999951467804642,-0.06362876988293278,0.0,0.08368281775255808,0.19999689725263217,-0.06344892559763995,0.0,0.07451081766656409,0.15,-0.06362876988293278,0.0,0.10500000000000001,0.22500000000000003,-0.06362876988293278,0.0,0.10500000000000001,0.22500000000000003
96,0.06605117447261709,1.0,4,0.0,0.0,0.0,0.0,0.0,0.0,0.0,0.0,0.0,0.0,0.0,0.0,0.0,0.0,0.0,0.0,0.0,0.0,0.0,0.0,0.0,0.0,0.0,0.0,0.0,0.0,0.0,0.0,0.0,0.0,0.0,0.0
97,0.11540141654078566,1.0,6,-0.03969045217393327,0.0,0.0375,0.225,-0.052300252047959864,0.0,0.05000000000000001,0.30000000000000004,-0.026777923389953703,0.0,0.02499999999999997,0.12499999999999983,-0.04812996222850058,0.0,0.04583333333333333,0.24999999999999997,-0.04392682547333632,0.0,0.041666666666666664,0.25,-0.013551631630766878,0.0,0.012499999999999997,0.07499999999999998,-0.03969045217393327,0.0,0.0375,0.225,-0.03969045217393327,0.0,0.0375,0.225
98,0.26575587019751923,0.6666666666666666,3,-0.08538569370213317,0.0,0.15,0.22499999999999998,-0.12360109248227885,0.0,0.19999999999999996,0.29999999999999993,0.0,0.0,0.0,0.0,0.0,0.0,0.0,0.0,0.0,0.0,0.0,0.0,-0.044524467203921336,0.0,0.09999999999999999,0.15,-0.08538569370213317,0.0,0.15,0.225,-0.08538569370213317,0.0,0.15,0.225
99,0.2821427668856572,0.7333333333333333,7,-0.16742355957862404,0.0,0.14210732449476424,0.24468040812479122,-0.1763827522433693,0.0,0.1632260839954421,0.3177263437538792,-0.1269331874378622,0.0,0.09395525426656211,0.14999828552671454,-0.16017863604967147,0.0,0.13545649711625576,0.2499983162927066,-0.15509423673695913,0.0,0.12980610556809932,0.2499875451948492,-0.11257979282709912,0.0,0.08829410027508376,0.15,-0.16742355957862404,0.0,0.14210732449476435,0.24468040812479147,-0.16742355957862404,0.0,0.14210732449476435,0.24468040812479147
100,0.0,1.0,4,0.0,0.0,0.0,0.0,0.0,0.0,0.0,0.0,0.0,0.0,0.0,0.0,0.0,0.0,0.0,0.0,0.0,0.0,0.0,0.0,0.0,0.0,0.0,0.0,0.0,0.0,0.0,0.0,0.0,0.0,0.0,0.0
101,0.11596550661635832,0.7647058823529411,7,-0.0019253263648412594,-0.05882352941176472,0.014471571937452988,0.07500000000000008,-0.0019253263648412594,-0.05882352941176472,0.014471571937452988,0.07500000000000008,-0.0019243855238705865,0.0,0.007142857142857143,0.025,-0.0019243855238705865,0.0,0.007142857142857143,0.024999999999999998,-0.0019253263648412594,-0.05882352941176472,0.014285714285714287,0.05000000000000001,-0.0019253263648412594,-0.05882352941176472,0.014471571937452977,0.075,-0.0019253263648412594,-0.05882352941176472,0.014471571937452977,0.075,-0.0019253263648412594,-0.05882352941176472,0.014471571937452977,0.075
102,0.22471240812588222,0.16666666666666666,4,-0.22471240812588222,0.0,0.13124999999999992,0.22500000000000003,-0.22471240812588222,0.0,0.13124999999999992,0.2999999999999996,-0.22471240812588222,0.0,0.11874999999999969,0.14999999999999986,-0.22471240812588222,0.0,0.11875000000000001,0.25,-0.22471240812588222,0.0,0.125,0.25,-0.22471240812588222,0.0,0.13124999999999998,0.15,-0.22471240812588222,0.0,0.13124999999999998,0.225,-0.22471240812588222,0.0,0.13124999999999998,0.225
103,0.23931210368334363,1.0,9,-0.23931210368334363,0.0,0.0583333333333333,0.22500000000000003,-0.23931210368334363,0.0,0.0583333333333333,0.22500000000000003,-0.22322395022646763,0.0,0.05277777777777784,0.1250000000000001,-0.23931210368334363,0.0,0.058333333333333334,0.225,-0.23931210368334363,0.0,0.061111111111111116,0.25,-0.23931210368334363,0.0,0.05833333333333332,0.15,-0.23931210368334363,0.0,0.058333333333333334,0.225,-0.23931210368334363,0.0,0.058333333333333334,0.225
104,0.2397101905921321,1.0,6,-0.06516484042139628,0.0,0.03725549266085981,0.22353295596515887,-0.06516484042139628,0.0,0.03725549266085981,0.22353295596515887,-0.0451194887710685,0.0,0.024805519996446382,0.1488331199786783,-0.06516484042139628,0.0,0.037242464756102926,0.22345478853661757,-0.06516484042139628,0.0,0.04138864237083662,0.24833185422501974,-0.045030596930150824,0.0,0.024789278763065137,0.14873567257839082,-0.06516484042139628,0.0,0.03725549266085981,0.22353295596515887,-0.06516484042139628,0.0,0.03725549266085981,0.22353295596515887
105,0.02172629111121595,1.0,4,-0.0012932049769776438,0.0,0.018750000000000003,0.07500000000000001,-0.0012932049769776438,0.0,0.018750000000000003,0.07500000000000001,-0.0012932049769776438,0.0,0.012500000000000011,0.025000000000000043,-0.0012932049769776438,0.0,0.0125,0.025,-0.0012932049769776438,0.0,0.0125,0.05,-0.0012932049769776438,0.0,0.018750000000000003,0.07500000000000001,-0.0012932049769776438,0.0,0.018750000000000003,0.07500000000000001,-0.0012932049769776438,0.0,0.018750000000000003,0.07500000000000001
106,0.0744960901756602,1.0,5,-0.07283142455626779,0.0,0.140607982062029,0.2402018365786112,-0.07392238458178967,0.0,0.16801480991246137,0.2999476990518881,-0.06088463955802131,0.0,0.09127564828625112,0.1499964647606981,-0.07282241104787425,0.0,0.15493276146899537,0.25,-0.07212320857198697,0.0,0.15049271137935433,0.25,-0.05565070657930057,0.0,0.07980021264572432,0.1499376595959667,-0.07283142455626779,0.0,0.14060798206202896,0.24020183657861116,-0.07283142455626779,0.0,0.14060798206202896,0.24020183657861116
107,0.10302700613529098,1.0,4,-0.012100605354984723,0.0,0.07500000000000001,0.22499999999999998,-0.012100605354984723,0.0,0.075,0.3,-0.012100605354984723,0.0,0.06874999999999999,0.15000000000000016,-0.012100605354984723,0.0,0.06875,0.25,-0.012100605354984723,0.0,0.075,0.25,-0.012100605354984723,0.0,0.075,0.15,-0.012100605354984723,0.0,0.075,0.225,-0.012100605354984723,0.0,0.075,0.225
108,0.09960979227661168,1.0,4,-0.012321963356681329,0.0,0.18749127425430168,0.22499999999999995,-0.014167644727903453,0.0,0.2062412742543017,0.3,-0.009640940837713469,0.0,0.113005671376292,0.12703698494417887,-0.013842009411748929,0.0,0.1504846835425478,0.2269530336092023,-0.012321963356681453,0.0,0.1749892915360994,0.25,-0.008611706023512966,0.0,0.1499912742543017,0.15,-0.012321963356681329,0.0,0.18749127425430173,0.22500000000000003,-0.012321963356681329,0.0,0.18749127425430173,0.22500000000000003
109,0.24176917605649406,0.9166666666666666,6,-0.007943559990105875,0.0,0.04999999999999999,0.225,-0.010457897617246026,0.0,0.06250000000000003,0.30000000000000004,-0.0054338584282469515,0.0,0.037500000000000026,0.15,-0.008916232548110636,0.0,0.05416666666666667,0.25,-0.007943559990105847,0.0,0.049999999999999996,0.25,-0.005433858428246924,0.0,0.0375,0.15,-0.007943559990105875,0.0,0.049999999999999996,0.225,-0.007943559990105875,0.0,0.049999999999999996,0.225
110,0.08987477865603033,0.8333333333333334,4,-0.01447091084828575,0.0,0.07499999999999996,0.22499999999999978,-0.01494751345795059,0.0,0.09374999999999994,0.2999999999999997,-0.014584669148345275,0.0,0.10054344299125378,0.14999809355028906,-0.014928330024472108,0.0,0.08125,0.25,-0.014928330024472108,0.0,0.0875,0.24999999999999997,-0.012322001822920162,0.0,0.05625,0.15,-0.01447091084828575,0.0,0.075,0.22499999999999998,-0.01447091084828575,0.0,0.075,0.22499999999999998
111,0.11655161172917188,0.9,5,-0.009634543503113019,0.0,0.0459232289683156,0.15461614484157807,-0.009634543503113019,0.0,0.0459232289683156,0.15461614484157807,-0.009321143887783087,-0.09999999999999998,0.03954284668149701,0.1477163628529797,-0.011505406786753936,-0.09999999999999998,0.06372406036879007,0.24362243128944489,-0.0109110244940082,-0.09999999999999998,0.04,0.1,-0.0122806633043087,0.0,0.048810731607150847,0.14994746369319767,-0.009634543503113019,0.0,0.04592322896831561,0.15461614484157804,-0.009634543503113019,0.0,0.04592322896831561,0.15461614484157804
112,0.18204600234174242,1.0,6,0.0,0.0,0.0,0.0,0.0,0.0,0.0,0.0,0.0,0.0,0.0,0.0,0.0,0.0,0.0,0.0,0.0,0.0,0.0,0.0,0.0,0.0,0.0,0.0,0.0,0.0,0.0,0.0,0.0,0.0,0.0,0.0
113,0.22819713705059488,0.7647058823529411,7,-0.08061291702562731,0.0,0.11477104973666098,0.22500000000000003,-0.08349665177690188,0.0,0.10980475690619082,0.3402359501867086,-0.07612320499690206,-0.05882352941176472,0.07209334137323682,0.14999785571685254,-0.08394349013439964,0.0,0.08558999875185103,0.24256497839781727,-0.08433556010453333,0.0,0.09474875594494715,0.21353505837525927,-0.07609397449094166,0.0,0.09334247830808955,0.15,-0.08061291702562731,0.0,0.11477104973666097,0.225,-0.08061291702562731,0.0,0.11477104973666097,0.225
114,0.1937232898835276,1.0,5,0.0,0.0,0.0,0.0,0.0,0.0,0.0,0.0,0.0,0.0,0.0,0.0,0.0,0.0,0.0,0.0,0.0,0.0,0.0,0.0,0.0,0.0,0.0,0.0,0.0,0.0,0.0,0.0,0.0,0.0,0.0,0.0
115,0.0,0.8,4,0.0,0.0,0.0,0.0,0.0,0.0,0.0,0.0,0.0,0.0,0.0,0.0,0.0,0.0,0.0,0.0,0.0,0.0,0.0,0.0,0.0,0.0,0.0,0.0,0.0,0.0,0.0,0.0,0.0,0.0,0.0,0.0
116,0.350970926981427,1.0,4,-0.1437053267585239,0.0,0.11250000000000002,0.22500000000000006,-0.1975250739592003,0.0,0.15000000000000002,0.30000000000000004,0.0,0.0,0.0,0.0,0.0,0.0,0.0,0.0,-0.1623910932631986,0.0,0.125,0.25,-0.08260850897311617,0.0,0.075,0.15,-0.1437053267585239,0.0,0.11249999999999999,0.22499999999999998,-0.1437053267585239,0.0,0.11249999999999999,0.22499999999999998
117,0.057223398663681826,1.0,5,-0.028442711986342854,0.0,0.10799153364973915,0.22500000000000017,-0.029937808138816205,0.0,0.12299153364973914,0.3000000000000002,-0.023704339197233276,0.0,0.07949001414915753,0.14745007074578878,-0.030548872998837056,0.0,0.12115672836920965,0.22500000000000006,-0.029748400786171143,0.0,0.11834319467420422,0.25,-0.023664424811827657,0.0,0.07967012301038723,0.15,-0.028442711986342854,0.0,0.10799153364973912,0.225,-0.028442711986342854,0.0,0.10799153364973912,0.225
118,0.16437347430594068,1.0,4,-0.0045268675785766765,0.0,0.056249999999999974,0.07499999999999998,-0.0045268675785766765,0.0,0.056249999999999974,0.07499999999999998,-0.0045268675785766765,0.0,0.031249999999999944,0.07500000000000001,-0.0045268675785766765,0.0,0.03125,0.07500000000000001,-0.0045268675785766765,0.0,0.025,0.05,-0.0045268675785766765,0.0,0.056249999999999994,0.075,-0.0045268675785766765,0.0,0.056249999999999994,0.075,-0.0045268675785766765,0.0,0.056249999999999994,0.075
119,0.5257770161044178,0.8461538461538461,6,-0.30265273276956794,0.0,0.12467594450680845,0.22493905630023242,-0.32078177819853076,0.0,0.15770178668908527,0.29993143978892683,-0.23357117999738053,0.0,0.09040747196532194,0.14999953028029564,-0.26112781910928295,0.0,0.12320484213216658,0.25,-0.2567856005805613,0.0,0.12218377315631962,0.24950682393227788,-0.2068331185745404,0.0,0.07497952444431238,0.1499542914511605,-0.30265273276956794,0.0,0.12467594450680845,0.22493905630023248,-0.30265273276956794,0.0,0.12467594450680845,0.22493905630023248
120,0.29438491439125264,0.9166666666666666,6,-0.1390896241489485,0.0,0.11440182625419643,0.23902178791049045,-0.21104860946457848,0.0,0.1472242606652973,0.3411719176303279,-0.053581858187548626,0.0,0.04166666666666669,0.12500000000000008,-0.15528063708493048,0.0,0.12163694762701176,0.25,-0.15155522312638475,0.0,0.13249114246251448,0.25,-0.06240246739034755,0.0,0.049999999999999996,0.15,-0.1390896241489485,0.0,0.11440182625419644,0.2390217879104905,-0.1390896241489485,0.0,0.11440182625419644,0.2390217879104905
121,0.7171505449395718,0.6842105263157895,7,-0.33818665892850064,0.0,0.09615724707564273,0.22491027751322248,-0.3474779852008895,0.0,0.10686993105204144,0.2998990653480136,-0.33495605641179965,0.0,0.0890828349548102,0.14993265687337198,-0.3587787912253755,0.0,0.11009560156979407,0.24989952293435447,-0.3177633381004652,0.0,0.09586818683137745,0.2499667939306031,-0.29936635103589937,0.0,0.0747318797819045,0.1499327064570549,-0.33818665892850064,0.0,0.09615724707564274,0.22491027751322257,-0.33818665892850064,0.0,0.09615724707564274,0.22491027751322257
122,0.18783173659754135,0.8,5,-0.005960442674881716,0.0,0.04499999999999997,0.07499999999999998,-0.005960442674881716,0.0,0.04499999999999997,0.07499999999999998,-0.005960442674881716,0.0,0.022246738686101664,0.061233693430508294,-0.005960442674881716,0.0,0.022246738686101646,0.061233693430508225,-0.005960442674881716,0.0,0.037186502436660274,0.09999994700241059,-0.005960442674881716,0.0,0.045000000000000005,0.07500000000000001,-0.005960442674881716,0.0,0.045000000000000005,0.07500000000000001,-0.005960442674881716,0.0,0.045000000000000005,0.07500000000000001
123,0.1131938066601184,1.0,4,0.0,0.0,0.0,0.0,0.0,0.0,0.0,0.0,0.0,0.0,0.0,0.0,0.0,0.0,0.0,0.0,0.0,0.0,0.0,0.0,0.0,0.0,0.0,0.0,0.0,0.0,0.0,0.0,0.0,0.0,0.0,0.0
124,0.5229238707511351,0.8,5,-0.32990333987762976,-0.09999999999999998,0.18152120660344492,0.24533853877777112,-0.3621230197749823,-0.09999999999999998,0.1996466809360419,0.29985444087268837,-0.24372236907114508,-0.09999999999999998,0.11839328649942567,0.1499549906240349,-0.36260811252143865,-0.09999999999999998,0.17994356752857077,0.24990853829137077,-0.36302013200432304,-0.09999999999999998,0.17456355238776763,0.2499266100057994,-0.22633716301665918,-0.09999999999999998,0.1180892417785144,0.14996540156562657,-0.32990333987762976,-0.09999999999999998,0.18152120660344492,0.2453385387777711,-0.32990333987762976,-0.09999999999999998,0.18152120660344492,0.2453385387777711
125,0.09200333116507563,0.8666666666666667,6,-0.01796793119137506,0.0,0.02500000000000002,0.07500000000000014,-0.01796793119137506,0.0,0.02500000000000002,0.07500000000000014,-0.019678432816085917,0.0,0.02083333333333336,0.07499999999999998,-0.019678432816085917,0.0,0.020833333333333332,0.07500000000000001,-0.014236352690919052,0.0,0.03333333333333333,0.05,-0.01796793119137506,0.0,0.025000000000000005,0.07500000000000001,-0.01796793119137506,0.0,0.025000000000000005,0.07500000000000001,-0.01796793119137506,0.0,0.025000000000000005,0.07500000000000001
126,0.23335333493818827,1.0,6,-0.04726297315661754,0.0,0.024999999999999998,0.15,-0.04726297315661754,0.0,0.024999999999999998,0.15,-0.04726297315661762,0.0,0.025000000000000036,0.15000000000000022,-0.04726297315661762,0.0,0.024999999999999998,0.15,-0.04726297315661754,0.0,0.024999999999999998,0.15,-0.04726297315661754,0.0,0.024999999999999998,0.15,-0.04726297315661754,0.0,0.024999999999999998,0.15,-0.04726297315661754,0.0,0.024999999999999998,0.15
127,0.134610420082624,0.5,5,-0.11816558816813072,0.0,0.15,0.22500000000000014,-0.134610420082624,0.0,0.18000000000000002,0.3000000000000002,-0.0848872906414273,0.0,0.1049999851410833,0.14999999999999988,-0.12532739275049765,0.0,0.159999981930061,0.24999999999999997,-0.12532739275049767,0.0,0.1599999824635092,0.25,-0.09200521555961227,0.0,0.12,0.15,-0.11816558816813072,0.0,0.15,0.225,-0.11816558816813072,0.0,0.15,0.225
128,0.07014643315378258,0.8888888888888888,5,0.0,0.0,0.0,0.0,0.0,0.0,0.0,0.0,0.0,0.0,0.0,0.0,0.0,0.0,0.0,0.0,0.0,0.0,0.0,0.0,0.0,0.0,0.0,0.0,0.0,0.0,0.0,0.0,0.0,0.0,0.0,0.0
129,0.21475661917076858,0.8666666666666667,7,-0.15231159966365412,0.0,0.0848880752736577,0.22500000000000014,-0.15231159966365412,0.0,0.07956892180866079,0.3319824526606256,-0.13975916082221612,0.0,0.05478022813867902,0.12959642300699062,-0.15231159966365412,0.0,0.07393602523743636,0.24255217666205459,-0.16270660751208707,0.0,0.10282457293260429,0.21977201052823,-0.14401625146534258,0.0,0.06102314233363556,0.15,-0.15231159966365412,0.0,0.08488807527365765,0.225,-0.15231159966365412,0.0,0.08488807527365765,0.225
130,0.025982209561758007,1.0,5,-0.011060429413889536,0.0,0.03,0.15,-0.011060429413889536,0.0,0.03,0.15,-0.011060429413889539,0.0,0.030000000000000006,0.15000000000000002,-0.011060429413889539,0.0,0.03,0.15,-0.011060429413889536,0.0,0.03,0.15,-0.011060429413889536,0.0,0.03,0.15,-0.011060429413889536,0.0,0.03,0.15,-0.011060429413889536,0.0,0.03,0.15
131,0.14309601548412987,0.7333333333333333,6,-0.09821523197412593,0.0,0.16245630009613857,0.2250000000000001,-0.1015805784993156,0.0,0.1749159364974375,0.2998459635448265,-0.07535733039282409,0.0,0.12355796630112054,0.14999707582959224,-0.1015805784993156,0.0,0.16656466700079733,0.25,-0.1015805784993156,0.0,0.16659037395922113,0.25000000000000006,-0.07550724931152296,0.0,0.1249752042233437,0.15,-0.09821523197412593,0.0,0.1624563000961386,0.225,-0.09821523197412593,0.0,0.1624563000961386,0.225
132,0.05197301029308199,0.9230769230769231,6,0.0,0.0,0.0,0.0,0.0,0.0,0.0,0.0,0.0,0.0,0.0,0.0,0.0,0.0,0.0,0.0,0.0,0.0,0.0,0.0,0.0,0.0,0.0,0.0,0.0,0.0,0.0,0.0,0.0,0.0,0.0,0.0
133,0.0,0.9090909090909091,6,0.0,0.0,0.0,0.0,0.0,0.0,0.0,0.0,0.0,0.0,0.0,0.0,0.0,0.0,0.0,0.0,0.0,0.0,0.0,0.0,0.0,0.0,0.0,0.0,0.0,0.0,0.0,0.0,0.0,0.0,0.0,0.0
134,0.024866803405398458,1.0,4,0.0,0.0,0.0,0.0,0.0,0.0,0.0,0.0,0.0,0.0,0.0,0.0,0.0,0.0,0.0,0.0,0.0,0.0,0.0,0.0,0.0,0.0,0.0,0.0,0.0,0.0,0.0,0.0,0.0,0.0,0.0,0.0
135,0.10784699395826113,0.9,6,-0.10784699395826113,0.0,0.07500000000000002,0.1500000000000002,-0.10784699395826113,0.0,0.07500000000000002,0.1500000000000002,-0.10784699395826113,0.0,0.06250000000000015,0.15000000000000063,-0.10784699395826113,0.0,0.0625,0.175,-0.10784699395826113,0.0,0.06666666666666667,0.2,-0.09858606936026396,0.0,0.049999999999999996,0.15,-0.10784699395826113,0.0,0.07500000000000001,0.15000000000000002,-0.10784699395826113,0.0,0.07500000000000001,0.15000000000000002
136,0.36530509760274477,0.6875,7,-0.013165892707140359,0.0,0.03619451182416754,0.17836158276917283,-0.10914057114101033,0.0,0.11062077867568232,0.32434638945990557,-0.013165892707140359,0.0,0.02996790973102697,0.13477536811718877,-0.013165892707140359,0.0,0.02787466141663798,0.19512262991646587,-0.09586895613708091,0.0,0.077680257790135,0.25,-0.012319446161491387,0.0,0.026359583067365737,0.10951708147156013,-0.013165892707140359,0.0,0.036194511824167545,0.1783615827691728,-0.013165892707140359,0.0,0.036194511824167545,0.1783615827691728
137,0.27048185069816943,1.0,6,-0.08417358605867453,0.0,0.09573420759999117,0.2164652582363664,-0.10518808390801987,0.0,0.10783250117455234,0.25768984490913743,-0.08418006327076794,0.0,0.09297889225909216,0.14958490999281415,-0.10304516008072034,0.0,0.10053649887456434,0.21363357584134293,-0.09350376571254507,0.0,0.10254044842406422,0.23703025086135132,-0.06919891193561686,0.0,0.07939770279768892,0.14397351860799792,-0.08417358605867453,0.0,0.09573420759999114,0.21646525823636642,-0.08417358605867453,0.0,0.09573420759999114,0.21646525823636642
138,0.15136802706276603,1.0,5,-0.04389319736907685,0.0,0.03,0.15,-0.04389319736907685,0.0,0.03,0.15,-0.05088541580284382,0.0,0.035000000000000024,0.12500000000000003,-0.05088541580284381,0.0,0.035,0.17500000000000002,-0.04389319736907686,0.0,0.030000000000000006,0.15000000000000002,-0.04389319736907685,0.0,0.03,0.15,-0.04389319736907685,0.0,0.03,0.15,-0.04389319736907685,0.0,0.03,0.15
139,0.11303769131180309,1.0,3,-0.0001956284478753928,0.0,0.025000000000000005,0.07500000000000001,-0.0001956284478753928,0.0,0.025000000000000005,0.07500000000000001,-0.0001956284478753928,0.0,0.008333333333333337,0.02500000000000001,-0.0001956284478753928,0.0,0.008333333333333333,0.025,-0.0001956284478753928,0.0,0.016666666666666666,0.05,-0.0001956284478753928,0.0,0.024999999999999998,0.075,-0.0001956284478753928,0.0,0.024999999999999998,0.075,-0.0001956284478753928,0.0,0.024999999999999998,0.075
140,1.9879703763729752,1.0,6,-1.1370776292482607,0.0,0.13749999999999996,0.225,-1.1745487299724091,0.0,0.16249999999999995,0.3,-1.2053273363962536,0.0,0.11666666666666653,0.1499999999999999,-1.2713629484443174,0.0,0.15833333333333335,0.25,-1.274009327164495,0.0,0.15833333333333335,0.25,-1.0956831404692653,0.0,0.11249999999999999,0.15,-1.1370776292482607,0.0,0.13749999999999998,0.225,-1.1370776292482607,0.0,0.13749999999999998,0.225
141,0.03347769932433684,0.88,9,-0.028194909661042242,0.0,0.05199514312953546,0.22499999999999964,-0.028194909661042242,0.0,0.05199514312953546,0.22499999999999964,-0.023019805404612893,0.0,0.03333333333333332,0.14999999999999988,-0.02432127252937005,0.0,0.036111111111111115,0.175,-0.02736459069929155,0.0,0.055553071795270234,0.19999999999999998,-0.02303413163909273,0.0,0.033333333333333326,0.15,-0.028194909661042242,0.0,0.05199514312953549,0.22499999999999998,-0.028194909661042242,0.0,0.05199514312953549,0.22499999999999998
142,0.5579439168835085,0.7368421052631579,7,-0.27453133954899295,0.0,0.075,0.225,-0.27453164301277777,0.0,0.07500000000000002,0.30000000000000004,-0.3098753220877535,0.0,0.07856792067265442,0.12500000000000003,-0.32637084776651426,0.0,0.08928220638694022,0.22500000000000006,-0.3213441246025409,0.0,0.08571428571428572,0.20000000000000004,-0.25735774285522467,0.0,0.0642857142857143,0.14999999999999997,-0.27453133954899295,0.0,0.075,0.225,-0.27453133954899295,0.0,0.075,0.225
143,0.11237244856652183,1.0,6,-0.0028372474520440144,0.0,0.025000000000000022,0.15000000000000013,-0.0028372474520440144,0.0,0.025000000000000022,0.15000000000000013,-0.0028372474520440144,0.0,0.016666666666666642,0.09999999999999985,-0.0028372474520440144,0.0,0.016666666666666666,0.1,-0.0028372474520440144,0.0,0.016666666666666666,0.1,-0.0024414995326193234,0.0,0.012499999999999999,0.075,-0.0028372474520440144,0.0,0.025000000000000005,0.15000000000000002,-0.0028372474520440144,0.0,0.025000000000000005,0.15000000000000002
144,0.23651818272199202,0.9411764705882353,7,-0.09686453757036906,0.0,0.08144490441511297,0.22500000000000003,-0.09854603759600747,0.0,0.09215203949925768,0.29994994558901306,-0.09368255499291775,0.0,0.06475324128865427,0.14999612500029894,-0.09854603759600747,0.0,0.07903588957643108,0.24999302499333032,-0.09854603759600747,0.0,0.08509357175563345,0.25,-0.09178211387029825,0.0,0.07074253710589966,0.15,-0.09686453757036906,0.0,0.08144490441511296,0.225,-0.09686453757036906,0.0,0.08144490441511296,0.225
145,0.26995942460136807,0.8461538461538461,6,-0.017368403746382377,0.0,0.0625,0.15000000000000013,-0.017368403746382377,0.0,0.0625,0.15000000000000013,-0.017368403746382377,0.0,0.05425397816366589,0.1249998973051924,-0.017368403746382377,0.0,0.05425397816366589,0.12499989730519226,-0.017368403746382377,0.0,0.05026308780311609,0.14999971236214388,-0.01515457276901322,0.0,0.049999999999999996,0.15,-0.017368403746382377,0.0,0.0625,0.15000000000000002,-0.017368403746382377,0.0,0.0625,0.15000000000000002
146,0.37714981458446395,0.9090909090909091,8,-0.1878515877864437,0.0,0.09375000000000001,0.22500000000000023,-0.20685549685938404,0.0,0.10312500000000001,0.29999999999999993,-0.07904398569587362,0.0,0.03125000000000003,0.15000000000000016,-0.07904398569587362,0.0,0.03125,0.2,-0.20058870302556114,0.0,0.09998480601210435,0.25,-0.14793003900691096,0.0,0.075,0.15,-0.1878515877864437,0.0,0.09375,0.225,-0.1878515877864437,0.0,0.09375,0.225
147,0.045416849184528395,0.7777777777777778,5,-0.03783537155172296,0.0,0.11394347959474568,0.22500000000000028,-0.04158687388129297,0.0,0.14019553125772305,0.2999461965261209,-0.03550699512725164,0.0,0.08905697631593379,0.15000000000000002,-0.04049147366071706,0.0,0.12439806679299015,0.24699273663059035,-0.040536334657728504,0.0,0.12625080842905986,0.24998248420773442,-0.032240399062737554,0.0,0.08788978274177837,0.15,-0.03783537155172296,0.0,0.11394347959474567,0.225,-0.03783537155172296,0.0,0.11394347959474567,0.225
148,0.0,1.0,5,0.0,0.0,0.0,0.0,0.0,0.0,0.0,0.0,0.0,0.0,0.0,0.0,0.0,0.0,0.0,0.0,0.0,0.0,0.0,0.0,0.0,0.0,0.0,0.0,0.0,0.0,0.0,0.0,0.0,0.0,0.0,0.0
149,0.11289304726666938,1.0,7,-0.022468621720252935,0.0,0.02142857142857143,0.15,-0.022468621720252935,0.0,0.02142857142857143,0.15,-0.022468621720252935,0.0,0.017857142857142846,0.12499999999999993,-0.022468621720252935,0.0,0.017857142857142856,0.125,-0.022468621720252935,0.0,0.021428571428571432,0.15000000000000002,-0.022468621720252935,0.0,0.02142857142857143,0.15,-0.022468621720252935,0.0,0.02142857142857143,0.15,-0.022468621720252935,0.0,0.02142857142857143,0.15
150,0.0,0.5,4,0.0,0.0,0.0,0.0,0.0,0.0,0.0,0.0,0.0,0.0,0.0,0.0,0.0,0.0,0.0,0.0,0.0,0.0,0.0,0.0,0.0,0.0,0.0,0.0,0.0,0.0,0.0,0.0,0.0,0.0,0.0,0.0
151,0.7848058450661866,0.7142857142857143,6,-0.5347988800324852,0.0,0.21215797901002256,0.22500000000000006,-0.5470232603123171,0.0,0.21239332084213766,0.3000000000000001,-0.366529409827255,0.0,0.12414696013168107,0.1499869969111676,-0.5120331926789173,0.0,0.2285769319986806,0.25,-0.5568208030533348,0.0,0.22513486256131446,0.25,-0.3866292287355536,0.0,0.11248365436731174,0.15,-0.5347988800324852,0.0,0.21215797901002262,0.22499999999999998,-0.5347988800324852,0.0,0.21215797901002262,0.22499999999999998
152,0.2043305171340849,0.9,8,-0.08991522835596734,0.0,0.11408591322531336,0.23783160648757554,-0.09190549811826322,0.0,0.11862442669039586,0.30990885336275026,-0.08863685154537351,0.0,0.08512694158727074,0.1499928438038165,-0.09190549811826322,0.0,0.10808885881315011,0.24992710278812674,-0.09190549811826322,0.0,0.11972204543755972,0.24989956218403242,-0.08625159244769397,0.0,0.0766103359541648,0.15,-0.08991522835596734,0.0,0.11408591322531336,0.2378316064875755,-0.08991522835596734,0.0,0.11408591322531336,0.2378316064875755
153,0.1400526574914202,0.7647058823529411,7,-0.08042809888679081,0.0,0.1362671745886302,0.22500000000000003,-0.09738331862337635,0.0,0.1738715959574502,0.33982015455770614,-0.05585179042455542,0.0,0.07298926103364924,0.1500000000000003,-0.0659438765499372,0.0,0.08727497531936355,0.24999999999999997,-0.06908820728605793,0.0,0.09999999999999999,0.25,-0.06010833000506875,0.0,0.10713683376522667,0.15,-0.08042809888679081,0.0,0.13626717458863016,0.22500000000000003,-0.08042809888679081,0.0,0.13626717458863016,0.22500000000000003
154,0.15455195582890238,0.9333333333333333,6,-0.13433984870247168,0.0,0.10000000000000002,0.22500000000000003,-0.13433984870247168,0.0,0.10000000000000002,0.3,-0.11452824573153753,0.0,0.062499999999999965,0.12500000000000006,-0.13433984870247168,0.0,0.09583333333333333,0.25,-0.13231829538613032,0.0,0.09166666666666667,0.25,-0.12367471778686212,0.0,0.075,0.15,-0.13433984870247168,0.0,0.09999999999999999,0.225,-0.13433984870247168,0.0,0.09999999999999999,0.225
155,0.1664047421976583,1.0,6,-0.083934199280882,0.0,0.13749982082437945,0.22499999999999998,-0.08393419928088201,0.0,0.12499981760123303,0.2999989253031823,-0.050664042860302766,0.0,0.07499974051354745,0.14999954508533808,-0.0930779892334509,0.0,0.13333305245684376,0.25,-0.09307827208126396,0.0,0.14166651071593964,0.25,-0.05554192329389285,0.0,0.09999986042094268,0.15,-0.083934199280882,0.0,0.13749982082437945,0.225,-0.083934199280882,0.0,0.13749982082437945,0.225
156,1.0880398737224128,0.8947368421052632,7,-0.5377125586596969,0.0,0.14539726421706708,0.2250000000000002,-0.5742586792268595,0.0,0.166502956249931,0.30000000000000027,-0.5000899420866736,0.0,0.12862237216462483,0.14999425919197362,-0.6288548192605825,0.0,0.1626802565494551,0.25,-0.6025647564619295,0.0,0.16127465215608577,0.25,-0.36094720187044893,0.0,0.09249814372837054,0.15,-0.5377125586596969,0.0,0.14539726421706703,0.22500000000000003,-0.5377125586596969,0.0,0.14539726421706703,0.22500000000000003
157,0.3386293499965244,0.7,5,-0.1330999192368608,-0.10000000000000009,0.13468666140882032,0.2250000000000001,-0.16560129648430044,-0.20000000000000007,0.16919050891441062,0.3209525445720528,-0.10648657950543991,-0.10000000000000009,0.08385576259638533,0.14999367056564933,-0.12964881308427104,-0.20000000000000007,0.12272726523972644,0.25,-0.17770266152972752,-0.10000000000000009,0.18804081555216137,0.25,-0.10426292819517596,-0.10000000000000009,0.10239670786998507,0.14999999999999997,-0.1330999192368608,-0.10000000000000009,0.13468666140882032,0.22499999999999998,-0.1330999192368608,-0.10000000000000009,0.13468666140882032,0.22499999999999998
158,0.12449745994717544,1.0,6,-0.010475601908261967,0.0,0.024999999999999977,0.07499999999999998,-0.010475601908261967,0.0,0.024999999999999977,0.07499999999999998,-0.010475601908261967,0.0,0.01666666666666665,0.0999999999999999,-0.010475601908261967,0.0,0.016666666666666666,0.1,-0.010475601908261967,0.0,0.016666666666666666,0.1,-0.010475601908261967,0.0,0.025000000000000005,0.07500000000000001,-0.010475601908261967,0.0,0.025000000000000005,0.07500000000000001,-0.010475601908261967,0.0,0.025000000000000005,0.07500000000000001
159,0.11102168536302083,1.0,5,-0.05498471347203876,0.0,0.09,0.225,-0.05498471347203876,0.0,0.09000000000000001,0.30000000000000004,-0.03896306542251034,0.0,0.05999971560197197,0.12500000000000008,-0.05813174884566552,0.0,0.08999971560197195,0.22500000000000003,-0.05813174884566551,0.0,0.09,0.25,-0.02579142254532725,0.0,0.045000000000000005,0.07500000000000001,-0.05498471347203876,0.0,0.09000000000000001,0.225,-0.05498471347203876,0.0,0.09000000000000001,0.225
160,0.30637155558812557,0.9,5,-0.11549055110301865,0.0,0.13096440726993241,0.225,-0.18387530072355412,0.0,0.17398970962627242,0.34740942736619407,-0.04060632953337112,0.0,0.06188937858336931,0.1484958442972614,-0.1308967523797989,0.0,0.1427595869638514,0.24761702644834047,-0.1336790789914643,0.0,0.15550519941534152,0.25,-0.04012312049388844,0.0,0.056697469212589134,0.14833316876628544,-0.11549055110301865,0.0,0.1309644072699324,0.225,-0.11549055110301865,0.0,0.1309644072699324,0.225
161,0.17177067415167988,1.0,4,-0.006916307771363983,0.0,0.0375,0.15,-0.006916307771363983,0.0,0.0375,0.15,-0.006916307771363983,0.0,0.025,0.1,-0.006916307771363983,0.0,0.025,0.1,-0.006916307771363983,0.0,0.025,0.1,-0.006916307771363983,0.0,0.0375,0.15,-0.006916307771363983,0.0,0.0375,0.15,-0.006916307771363983,0.0,0.0375,0.15
