annotation_id,image_or_view_path,scene_id,room_type,subject_class,predicate,object_class,subject_index,object_index,subject_center_xyz,object_center_xyz,dx_subject_minus_object,dy_subject_minus_object,dz_subject_minus_object,distance_xz,coord_rule_label,repair_relation_exact_present,baseline_relation_exact_present,pair_alignment_status,human_label,missing_object,visibility_quality,annotator_id,notes,source_text,coord_rule,layout_variant,relation_id,source_json,raw_predicate,baseline_satisfied,repair_satisfied,label_a,label_d,final_label,final_label_source,adjudicator_id,adjudication_notes,final_vs_coord
EG02-BED-0001,images/EG02-BED-0001.jpg,12329142-9d6e-4957-8592-4d156a454bab_MasterBedroom-18415,bedroom,wardrobe,behind,nightstand,0,1,"[0.188535,1.26446,-1.859672]","[-0.531177,0.348113,-0.741779]",0.719711,0.916348,-1.117893,1.329537,satisfied,1,0,ok,satisfied,none,good,A,,"Place a black and grey double bed in front of a wardrobe. Then, arrange a black and white square nightstand in front of a black wardrobe with hanging clothes.",left dx<0; right dx>0; in_front_of dz>0; behind dz<0; above dy>0; below dy<0; close_to distance_xz<=0.75,collision_gated_floor_prior,10:1:20-7-12,results/floor_prior_remote/bedroom_sgdiffusion_vq_objfeat_epoch_01999_relation_aware_parsed_floor_prior_max1.8_mesh_p2_close0.75_far1.6_eval_cfg1.0_1.0.json,behind,0,1,satisfied,satisfied,satisfied,a_d_agree,,,agree
EG02-BED-0002,images/EG02-BED-0002.jpg,12f93edf-43d1-4009-9639-92b3b604b352_SecondBedroom-1145,bedroom,nightstand,behind,pendant_lamp,1,0,"[0.809987,0.277235,-1.101967]","[0.859987,2.461284,0.498033]",-0.05,-2.184049,-1.6,1.600781,satisfied,1,0,ok,satisfied,none,good,A,,Add a nightstand with drawers left of a nightstand with drawers. And install a pendant lamp with metal rods in front of a nightstand with drawers.,left dx<0; right dx>0; in_front_of dz>0; behind dz<0; above dy>0; below dy<0; close_to distance_xz<=0.75,collision_gated_floor_prior,11:1:12-7-13,results/floor_prior_remote/bedroom_sgdiffusion_vq_objfeat_epoch_01999_relation_aware_parsed_floor_prior_max1.8_mesh_p2_close0.75_far1.6_eval_cfg1.0_1.0.json,behind,0,1,satisfied,satisfied,satisfied,a_d_agree,,,agree
EG02-BED-0003,images/EG02-BED-0003.jpg,29aa7167-1c46-4ce0-8c58-3cfb7a7d15af_SecondBedroom-69556,bedroom,double_bed,behind,table,3,4,"[0.269294,0.421506,-0.202898]","[0.967656,0.268123,1.04536]",-0.698362,0.153383,-1.248257,1.430334,satisfied,1,1,ok,satisfied,none,good,A,,"Set up a wardrobe with a door and drawers in front of a gray double bed with sheets and pillows. Finnally, add a black corner side table with a round top in front of a gray double bed with sheets and pillows.",left dx<0; right dx>0; in_front_of dz>0; behind dz<0; above dy>0; below dy<0; close_to distance_xz<=0.75,collision_gated_floor_prior,34:1:8-7-18,results/floor_prior_remote/bedroom_sgdiffusion_vq_objfeat_epoch_01999_relation_aware_parsed_floor_prior_max1.8_mesh_p2_close0.75_far1.6_eval_cfg1.0_1.0.json,behind,1,1,satisfied,not_satisfied,satisfied,adjudicated,A,,agree
EG02-BED-0004,images/EG02-BED-0004.jpg,38e3cf4a-a67b-42d8-b467-2d1a3e5407a8_SecondBedroom-15551,bedroom,nightstand,behind,double_bed,1,2,"[2.354744,0.248817,-1.236137]","[1.414102,0.591895,0.202303]",0.940642,-0.343077,-1.43844,1.718696,satisfied,1,1,ok,satisfied,none,good,A,,Position a double bed with pillows and a blanket in front of a black and grey nightstand cabinet.,left dx<0; right dx>0; in_front_of dz>0; behind dz<0; above dy>0; below dy<0; close_to distance_xz<=0.75,collision_gated_floor_prior,43:0:12-7-8,results/floor_prior_remote/bedroom_sgdiffusion_vq_objfeat_epoch_01999_relation_aware_parsed_floor_prior_max1.8_mesh_p2_close0.75_far1.6_eval_cfg1.0_1.0.json,behind,1,1,satisfied,satisfied,satisfied,a_d_agree,,,agree
EG02-BED-0005,images/EG02-BED-0005.jpg,74eafabd-fe9b-4f87-81f4-5af7f0b566ff_Bedroom-26487,bedroom,double_bed,behind,table,1,3,"[0.44943,0.631017,-0.360264]","[1.596843,0.222925,-1.58514]",-1.147413,0.408092,1.224875,1.678355,not_satisfied,1,1,ok,not_satisfied,none,good,A,,Put a black corner side table with a square top in front of a grey double bed with sheets and pillows.,left dx<0; right dx>0; in_front_of dz>0; behind dz<0; above dy>0; below dy<0; close_to distance_xz<=0.75,collision_gated_floor_prior,84:0:8-7-18,results/floor_prior_remote/bedroom_sgdiffusion_vq_objfeat_epoch_01999_relation_aware_parsed_floor_prior_max1.8_mesh_p2_close0.75_far1.6_eval_cfg1.0_1.0.json,behind,1,1,not_satisfied,satisfied,not_satisfied,adjudicated,A,,agree
EG02-BED-0006,images/EG02-BED-0006.jpg,eb41d9bd-e372-479c-9dc9-ea9f738bf9c4_MasterBedroom-28978,bedroom,double_bed,behind,wardrobe,3,0,"[-0.31547,0.888066,0.379695]","[-0.092697,1.110389,1.927391]",-0.222773,-0.222323,-1.547696,1.563647,satisfied,1,1,ok,satisfied,none,good,A,,Put a grey and black double bed with headboard behind a wooden wardrobe with a strip of wood.,left dx<0; right dx>0; in_front_of dz>0; behind dz<0; above dy>0; below dy<0; close_to distance_xz<=0.75,collision_gated_floor_prior,152:0:8-7-20,results/floor_prior_remote/bedroom_sgdiffusion_vq_objfeat_epoch_01999_relation_aware_parsed_floor_prior_max1.8_mesh_p2_close0.75_far1.6_eval_cfg1.0_1.0.json,behind,1,1,satisfied,satisfied,satisfied,a_d_agree,,,agree
EG02-BED-0007,images/EG02-BED-0007.jpg,ed41e047-ee12-4f00-8add-0ee6b95d1585_MasterBedroom-3712,bedroom,chair,behind,pendant_lamp,3,1,"[0.528866,0.445686,-0.987209]","[-0.180042,2.436665,0.009575]",0.708908,-1.990979,-0.996784,1.223164,satisfied,1,0,ok,satisfied,none,good,A,,"Place a black dining chair with a black frame behind a black pendant lamp with dots. Next, add a black pendant lamp with dots in front of an office desk with drawers.",left dx<0; right dx>0; in_front_of dz>0; behind dz<0; above dy>0; below dy<0; close_to distance_xz<=0.75,collision_gated_floor_prior,154:0:4-7-13,results/floor_prior_remote/bedroom_sgdiffusion_vq_objfeat_epoch_01999_relation_aware_parsed_floor_prior_max1.8_mesh_p2_close0.75_far1.6_eval_cfg1.0_1.0.json,behind,0,1,satisfied,satisfied,satisfied,a_d_agree,,,agree
EG02-BED-0008,images/EG02-BED-0008.jpg,15d07e45-2761-43ed-8dfc-f9d4ef58041d_Bedroom-68718,bedroom,double_bed,below,pendant_lamp,3,1,"[-0.221713,1.138828,-0.013198]","[0.031764,1.813922,-0.150846]",-0.253477,-0.675094,0.137649,0.288441,satisfied,1,1,ok,satisfied,none,good,A,,Add a black wooden wardrobe with doors and shelves in front of a black and white nightstand with a silver handle. Set up a double bed with canopy and pillows below a black pendant lamp with crystals.,left dx<0; right dx>0; in_front_of dz>0; behind dz<0; above dy>0; below dy<0; close_to distance_xz<=0.75,collision_gated_floor_prior,14:1:8-5-13,results/floor_prior_remote/bedroom_sgdiffusion_vq_objfeat_epoch_01999_relation_aware_parsed_floor_prior_max1.8_mesh_p2_close0.75_far1.6_eval_cfg1.0_1.0.json,below,1,1,satisfied,satisfied,satisfied,a_d_agree,,,agree
EG02-BED-0009,images/EG02-BED-0009.jpg,56fedd11-b226-4c51-8d89-552caf24487b_SecondBedroom-19232,bedroom,double_bed,below,pendant_lamp,2,1,"[-0.263789,0.549978,0.30578]","[-0.192244,2.370744,-0.03626]",-0.071545,-1.820766,0.34204,0.349442,satisfied,1,1,ok,satisfied,none,good,A,,Position a gray double bed with brown pillows below a wooden pendant lamp with a wooden shade.,left dx<0; right dx>0; in_front_of dz>0; behind dz<0; above dy>0; below dy<0; close_to distance_xz<=0.75,collision_gated_floor_prior,64:0:8-5-13,results/floor_prior_remote/bedroom_sgdiffusion_vq_objfeat_epoch_01999_relation_aware_parsed_floor_prior_max1.8_mesh_p2_close0.75_far1.6_eval_cfg1.0_1.0.json,below,1,1,satisfied,satisfied,satisfied,a_d_agree,,,agree
EG02-BED-0010,images/EG02-BED-0010.jpg,9e9c7c48-a631-4ded-a271-7dd697faf0dc_MasterBedroom-1615,bedroom,double_bed,below,pendant_lamp,2,3,"[-0.224708,0.442383,0.952653]","[0.171079,3.053193,0.757848]",-0.395787,-2.61081,0.194805,0.441131,satisfied,1,1,ok,satisfied,none,good,A,,Put a gray double bed with cover and pillows below a black metal pendant lamp with a hanging ball.,left dx<0; right dx>0; in_front_of dz>0; behind dz<0; above dy>0; below dy<0; close_to distance_xz<=0.75,collision_gated_floor_prior,105:0:8-5-13,results/floor_prior_remote/bedroom_sgdiffusion_vq_objfeat_epoch_01999_relation_aware_parsed_floor_prior_max1.8_mesh_p2_close0.75_far1.6_eval_cfg1.0_1.0.json,below,1,1,satisfied,satisfied,satisfied,a_d_agree,,,agree
EG02-BED-0011,images/EG02-BED-0011.jpg,b2e0b670-b308-4817-b3b6-2a8b7312c18f_SecondBedroom-6261,bedroom,double_bed,below,pendant_lamp,1,0,"[0.191083,0.559582,0.427758]","[0.043547,2.157245,0.288684]",0.147536,-1.597663,0.139074,0.202752,satisfied,1,1,ok,satisfied,none,good,A,,"Hang a black circular pendant lamp with a metal frame in front of a grey wardrobe with drawers. Then, set up a double bed below a pendant lamp.",left dx<0; right dx>0; in_front_of dz>0; behind dz<0; above dy>0; below dy<0; close_to distance_xz<=0.75,collision_gated_floor_prior,122:1:8-5-13,results/floor_prior_remote/bedroom_sgdiffusion_vq_objfeat_epoch_01999_relation_aware_parsed_floor_prior_max1.8_mesh_p2_close0.75_far1.6_eval_cfg1.0_1.0.json,below,1,1,satisfied,satisfied,satisfied,a_d_agree,,,agree
EG02-BED-0012,images/EG02-BED-0012.jpg,7b48d192-1ac0-406c-af41-800853de2d7f_Bedroom-41491,bedroom,ceiling_lamp,close to,chair,3,2,"[-0.281072,2.625566,-0.016242]","[-0.789765,0.401088,-0.798929]",0.508693,2.224478,0.782687,0.933471,not_satisfied,1,0,ok,not_satisfied,none,good,A,,Put a gray dining chair closely behind a black ceiling lamp with a lid.,left dx<0; right dx>0; in_front_of dz>0; behind dz<0; above dy>0; below dy<0; close_to distance_xz<=0.75,collision_gated_floor_prior,88:0:3-4-4,results/floor_prior_remote/bedroom_sgdiffusion_vq_objfeat_epoch_01999_relation_aware_parsed_floor_prior_max1.8_mesh_p2_close0.75_far1.6_eval_cfg1.0_1.0.json,close_behind,0,1,not_satisfied,not_satisfied,not_satisfied,a_d_agree,,,agree
EG02-BED-0013,images/EG02-BED-0013.jpg,885bca04-679c-4098-a2d9-27885640ad28_MasterBedroom-22581,bedroom,desk,close to,chair,3,4,"[1.18591,0.406512,-0.982424]","[1.807368,0.411782,-0.386538]",-0.621458,-0.00527,-0.595886,0.860982,not_satisfied,1,1,ok,satisfied,none,good,A,,Add a desk to the right of a green and gray single bed. Arrange a black and silver computer desk to the near left of a grey dining chair with black legs.,left dx<0; right dx>0; in_front_of dz>0; behind dz<0; above dy>0; below dy<0; close_to distance_xz<=0.75,collision_gated_floor_prior,99:1:7-3-4,results/floor_prior_remote/bedroom_sgdiffusion_vq_objfeat_epoch_01999_relation_aware_parsed_floor_prior_max1.8_mesh_p2_close0.75_far1.6_eval_cfg1.0_1.0.json,close_left,1,1,satisfied,not_satisfied,satisfied,adjudicated,D,,disagree
EG02-BED-0014,images/EG02-BED-0014.jpg,dc80719c-65f0-4662-a25c-ce747612ed07_MasterBedroom-18517,bedroom,4,close to,6,,,,,,,,,not_judgable,0,0,missing_pair,not_judgable,both,good,A,,"Position a coffee table closely in front of a chair. Next, install a modern pendant lamp with a metal ball in front of a blue lounge chair with a metal frame.",missing subject/object class in repair boxes,collision_gated_floor_prior,142:0:4-9-6,results/floor_prior_remote/bedroom_sgdiffusion_vq_objfeat_epoch_01999_relation_aware_parsed_floor_prior_max1.8_mesh_p2_close0.75_far1.6_eval_cfg1.0_1.0.json,close_front,0,0,not_judgable,not_judgable,not_judgable,a_d_agree,,,agree
EG02-BED-0015,images/EG02-BED-0015.jpg,15d07e45-2761-43ed-8dfc-f9d4ef58041d_Bedroom-68718,bedroom,wardrobe,in front of,nightstand,0,2,"[-0.336106,1.086917,1.475174]","[-1.19536,0.287505,-1.331225]",0.859253,0.799412,2.806399,2.934994,satisfied,1,1,ok,satisfied,none,good,A,,Add a black wooden wardrobe with doors and shelves in front of a black and white nightstand with a silver handle. Set up a double bed with canopy and pillows below a black pendant lamp with crystals.,left dx<0; right dx>0; in_front_of dz>0; behind dz<0; above dy>0; below dy<0; close_to distance_xz<=0.75,collision_gated_floor_prior,14:0:20-2-12,results/floor_prior_remote/bedroom_sgdiffusion_vq_objfeat_epoch_01999_relation_aware_parsed_floor_prior_max1.8_mesh_p2_close0.75_far1.6_eval_cfg1.0_1.0.json,in front of,1,1,satisfied,satisfied,satisfied,a_d_agree,,,agree
EG02-BED-0016,images/EG02-BED-0016.jpg,29f92b53-a723-41c9-992c-1d146ce542a7_Bedroom-6993,bedroom,pendant_lamp,in front of,wardrobe,1,0,"[0.035302,2.178855,0.199866]","[0.248191,1.254793,-1.336635]",-0.212888,0.924062,1.536501,1.551179,satisfied,1,1,ok,satisfied,none,good,A,,Add a black and grey double bed in front of a black wardrobe with hanging clothes. Add a black pendant lamp with a handle in front of a wardrobe.,left dx<0; right dx>0; in_front_of dz>0; behind dz<0; above dy>0; below dy<0; close_to distance_xz<=0.75,collision_gated_floor_prior,35:1:13-2-20,results/floor_prior_remote/bedroom_sgdiffusion_vq_objfeat_epoch_01999_relation_aware_parsed_floor_prior_max1.8_mesh_p2_close0.75_far1.6_eval_cfg1.0_1.0.json,in front of,1,1,satisfied,satisfied,satisfied,a_d_agree,,,agree
EG02-BED-0017,images/EG02-BED-0017.jpg,503ebcb6-9815-4412-90ea-f0bbd59ddbe9_SecondBedroom-143,bedroom,wardrobe,in front of,cabinet,2,1,"[-1.086411,1.36327,1.382432]","[-0.358977,0.313222,1.42445]",-0.727434,1.050048,-0.042018,0.728646,not_satisfied,1,1,ok,not_satisfied,none,good,A,,"Place a cabinet behind a black wardrobe with a wooden door. Then, set up a cabinet left of a cabinet.",left dx<0; right dx>0; in_front_of dz>0; behind dz<0; above dy>0; below dy<0; close_to distance_xz<=0.75,collision_gated_floor_prior,58:0:20-2-2,results/floor_prior_remote/bedroom_sgdiffusion_vq_objfeat_epoch_01999_relation_aware_parsed_floor_prior_max1.8_mesh_p2_close0.75_far1.6_eval_cfg1.0_1.0.json,in front of,1,1,not_satisfied,satisfied,not_satisfied,adjudicated,A,,agree
EG02-BED-0018,images/EG02-BED-0018.jpg,50526848-e51d-48e0-bb9b-3c5c90d76c4d_SecondBedroom-13044,bedroom,nightstand,in front of,double_bed,5,4,"[1.153803,0.336856,1.451319]","[0.87653,0.469867,0.008895]",0.277273,-0.133011,1.442424,1.468832,satisfied,1,0,ok,satisfied,none,good,A,,"Arrange a black double bed with white sheets and pillows behind a nightstand. Next, place a black double bed with white sheets and pillows in front of a wardrobe.",left dx<0; right dx>0; in_front_of dz>0; behind dz<0; above dy>0; below dy<0; close_to distance_xz<=0.75,collision_gated_floor_prior,59:0:12-2-8,results/floor_prior_remote/bedroom_sgdiffusion_vq_objfeat_epoch_01999_relation_aware_parsed_floor_prior_max1.8_mesh_p2_close0.75_far1.6_eval_cfg1.0_1.0.json,in front of,0,1,satisfied,not_satisfied,not_satisfied,adjudicated,A,,disagree
EG02-BED-0019,images/EG02-BED-0019.jpg,54bdf809-f190-48e7-9b25-a9986077fc0f_SecondBedroom-32238,bedroom,double_bed,in front of,nightstand,0,2,"[0.146361,1.138661,-0.113591]","[1.119475,0.273468,0.982776]",-0.973113,0.865193,-1.096367,1.465937,not_satisfied,1,1,ok,not_judgable,none,good,A,,Put a black and white nightstand with a silver handle behind a double bed.,left dx<0; right dx>0; in_front_of dz>0; behind dz<0; above dy>0; below dy<0; close_to distance_xz<=0.75,collision_gated_floor_prior,62:0:8-2-12,results/floor_prior_remote/bedroom_sgdiffusion_vq_objfeat_epoch_01999_relation_aware_parsed_floor_prior_max1.8_mesh_p2_close0.75_far1.6_eval_cfg1.0_1.0.json,in front of,1,1,not_judgable,not_satisfied,satisfied,adjudicated,A,,disagree
EG02-BED-0020,images/EG02-BED-0020.jpg,b1fb2628-f260-4bee-8db1-6f4f10520a09_MasterBedroom-1096,bedroom,wardrobe,in front of,dressing_table,7,8,"[-0.291113,1.215174,1.702968]","[-1.423464,0.814152,-1.442153]",1.132351,0.401022,3.145121,3.342754,satisfied,0,0,ok,satisfied,none,good,A,,"Put a blue and white double bed with pillows below a black pendant lamp with a led light and a frame. Additionally, position a cabinet with shelves and a plant in front of a gray dressing table with a mirror and shoes.",left dx<0; right dx>0; in_front_of dz>0; behind dz<0; above dy>0; below dy<0; close_to distance_xz<=0.75,collision_gated_floor_prior,120:1:20-2-10,results/floor_prior_remote/bedroom_sgdiffusion_vq_objfeat_epoch_01999_relation_aware_parsed_floor_prior_max1.8_mesh_p2_close0.75_far1.6_eval_cfg1.0_1.0.json,in front of,0,0,satisfied,not_satisfied,not_satisfied,adjudicated,A,,disagree
EG02-BED-0021,images/EG02-BED-0021.jpg,04684207-3d45-4d33-bd9d-0f66c9a45402_MasterBedroom-9404,bedroom,double_bed,left,nightstand,6,2,"[0.341449,0.646033,0.780885]","[1.311771,0.291779,1.369957]",-0.970323,0.354254,-0.589071,1.135135,satisfied,1,1,ok,satisfied,none,good,A,,Add a double bed left of a gray nightstand with drawers. Place a gray nightstand with drawers to the right of a gray wardrobe with shelves and drawers.,left dx<0; right dx>0; in_front_of dz>0; behind dz<0; above dy>0; below dy<0; close_to distance_xz<=0.75,collision_gated_floor_prior,1:0:8-1-12,results/floor_prior_remote/bedroom_sgdiffusion_vq_objfeat_epoch_01999_relation_aware_parsed_floor_prior_max1.8_mesh_p2_close0.75_far1.6_eval_cfg1.0_1.0.json,left,1,1,satisfied,satisfied,satisfied,a_d_agree,,,agree
EG02-BED-0022,images/EG02-BED-0022.jpg,0fc4d063-6145-456f-8fe1-1180d3eeeb3f_Bedroom-2719,bedroom,bookshelf,left,double_bed,6,2,"[-0.820185,0.919634,1.936891]","[-0.122478,0.672671,-0.948088]",-0.697707,0.246963,2.884979,2.968147,satisfied,0,0,ok,not_satisfied,none,good,A,,"Add a grey stool with black legs behind a wooden bookshelf with shelves. Then, set up a bookshelf left of a black and white double bed.",left dx<0; right dx>0; in_front_of dz>0; behind dz<0; above dy>0; below dy<0; close_to distance_xz<=0.75,collision_gated_floor_prior,8:1:1-1-8,results/floor_prior_remote/bedroom_sgdiffusion_vq_objfeat_epoch_01999_relation_aware_parsed_floor_prior_max1.8_mesh_p2_close0.75_far1.6_eval_cfg1.0_1.0.json,left,0,0,not_satisfied,not_satisfied,not_satisfied,a_d_agree,,,disagree
EG02-BED-0023,images/EG02-BED-0023.jpg,10a1f583-7755-4afd-98b2-3f7df16bc930_Bedroom-430,bedroom,table,left,pendant_lamp,1,2,"[1.133674,0.166517,-1.411883]","[-0.151283,2.413206,0.006341]",1.284957,-2.246688,-1.418223,1.913759,not_satisfied,1,1,ok,satisfied,none,good,A,,Add a corner side table with a round top to the left of a black and silver pendant lamp with lights.,left dx<0; right dx>0; in_front_of dz>0; behind dz<0; above dy>0; below dy<0; close_to distance_xz<=0.75,collision_gated_floor_prior,9:0:18-1-13,results/floor_prior_remote/bedroom_sgdiffusion_vq_objfeat_epoch_01999_relation_aware_parsed_floor_prior_max1.8_mesh_p2_close0.75_far1.6_eval_cfg1.0_1.0.json,left,1,1,satisfied,satisfied,satisfied,a_d_agree,,,disagree
EG02-BED-0024,images/EG02-BED-0024.jpg,525c4166-1792-4f4a-a9c2-1ea260cf6e39_Bedroom-8490,bedroom,double_bed,left,pendant_lamp,2,1,"[-1.286099,0.523339,-0.016857]","[0.035071,2.074069,-0.059418]",-1.32117,-1.55073,0.042561,1.321855,satisfied,1,0,ok,satisfied,none,good,A,,Arrange a yellow and green double bed in front of a blue and yellow striped wardrobe. And position a yellow and green double bed left of a modern black pendant lamp.,left dx<0; right dx>0; in_front_of dz>0; behind dz<0; above dy>0; below dy<0; close_to distance_xz<=0.75,collision_gated_floor_prior,60:1:8-1-13,results/floor_prior_remote/bedroom_sgdiffusion_vq_objfeat_epoch_01999_relation_aware_parsed_floor_prior_max1.8_mesh_p2_close0.75_far1.6_eval_cfg1.0_1.0.json,left,0,1,satisfied,satisfied,satisfied,a_d_agree,,,agree
EG02-BED-0025,images/EG02-BED-0025.jpg,5e024c0f-0bca-4074-ac77-4b72a7629d0a_MasterBedroom-1069,bedroom,double_bed,left,nightstand,4,1,"[0.657789,0.530046,0.20869]","[-0.577234,0.267479,1.20348]",1.235022,0.262567,-0.994791,1.58584,not_satisfied,1,1,ok,not_satisfied,none,good,A,,Place a black and white nightstand with two drawers right of a grey and brown double bed.,left dx<0; right dx>0; in_front_of dz>0; behind dz<0; above dy>0; below dy<0; close_to distance_xz<=0.75,collision_gated_floor_prior,69:0:8-1-12,results/floor_prior_remote/bedroom_sgdiffusion_vq_objfeat_epoch_01999_relation_aware_parsed_floor_prior_max1.8_mesh_p2_close0.75_far1.6_eval_cfg1.0_1.0.json,left,1,1,not_satisfied,not_satisfied,not_satisfied,a_d_agree,,,agree
EG02-BED-0026,images/EG02-BED-0026.jpg,802ba6ac-c040-4f27-b843-8c47791d0383_MasterBedroom-19531,bedroom,nightstand,right,nightstand,2,2,"[-1.505895,0.227259,-1.180977]","[-1.505895,0.227259,-1.180977]",0,0,0,0,not_satisfied,1,1,ok,not_judgable,object,poor,A,,"Place a gray nightstand with a lid to the right of a black double bed with cover and pillow. Next, put a nightstand left of a gray nightstand with a lid.",left dx<0; right dx>0; in_front_of dz>0; behind dz<0; above dy>0; below dy<0; close_to distance_xz<=0.75,collision_gated_floor_prior,93:1:12-6-12,results/floor_prior_remote/bedroom_sgdiffusion_vq_objfeat_epoch_01999_relation_aware_parsed_floor_prior_max1.8_mesh_p2_close0.75_far1.6_eval_cfg1.0_1.0.json,right,1,1,not_judgable,not_judgable,not_judgable,a_d_agree,,,disagree
EG02-BED-0027,images/EG02-BED-0027.jpg,b45897de-6fe4-421c-b292-dfc31f3880ec_Bedroom-38427,bedroom,ceiling_lamp,right,nightstand,2,1,"[-0.171732,2.045794,-0.075235]","[-1.462821,0.225966,-1.305204]",1.291089,1.819828,1.229969,1.783181,satisfied,1,1,ok,satisfied,none,good,A,,Hang a black ceiling lamp with glass bulbs to the right of a nightstand.,left dx<0; right dx>0; in_front_of dz>0; behind dz<0; above dy>0; below dy<0; close_to distance_xz<=0.75,collision_gated_floor_prior,124:0:3-6-12,results/floor_prior_remote/bedroom_sgdiffusion_vq_objfeat_epoch_01999_relation_aware_parsed_floor_prior_max1.8_mesh_p2_close0.75_far1.6_eval_cfg1.0_1.0.json,right,1,1,satisfied,satisfied,satisfied,a_d_agree,,,agree
EG02-BED-0028,images/EG02-BED-0028.jpg,c45c5b4c-5fca-43b2-9770-02cd174f24c2_SecondBedroom-66007,bedroom,double_bed,right,wardrobe,2,4,"[0.504576,0.497669,-0.457314]","[-1.322179,1.395249,-0.573289]",1.826755,-0.89758,0.115975,1.830433,satisfied,1,1,ok,satisfied,none,good,A,,"Place a desk in front of a black and brown metal frame ceiling lamp. Then, set up a black double bed with cover and pillow to the right of a wardrobe with a door and drawers.",left dx<0; right dx>0; in_front_of dz>0; behind dz<0; above dy>0; below dy<0; close_to distance_xz<=0.75,collision_gated_floor_prior,131:1:8-6-20,results/floor_prior_remote/bedroom_sgdiffusion_vq_objfeat_epoch_01999_relation_aware_parsed_floor_prior_max1.8_mesh_p2_close0.75_far1.6_eval_cfg1.0_1.0.json,right,1,1,satisfied,satisfied,satisfied,a_d_agree,,,agree
EG02-BED-0029,images/EG02-BED-0029.jpg,e5afb85b-f9b0-48dc-9fa6-cdd46d3193b6_SecondBedroom-30334,bedroom,wardrobe,right,single_bed,5,3,"[-1.766723,1.160632,0.663572]","[0.288321,0.406488,1.0806]",-2.055045,0.754145,-0.417028,2.096931,not_satisfied,0,0,ok,not_satisfied,none,good,A,,"Position a gray wardrobe with a door right of a grey single bed with a white pillow. Finnally, place a gray wardrobe with a door behind a brown nightstand with drawers.",left dx<0; right dx>0; in_front_of dz>0; behind dz<0; above dy>0; below dy<0; close_to distance_xz<=0.75,collision_gated_floor_prior,148:0:20-6-15,results/floor_prior_remote/bedroom_sgdiffusion_vq_objfeat_epoch_01999_relation_aware_parsed_floor_prior_max1.8_mesh_p2_close0.75_far1.6_eval_cfg1.0_1.0.json,right,0,0,not_satisfied,not_satisfied,not_satisfied,a_d_agree,,,agree
EG02-BED-0030,images/EG02-BED-0030.jpg,ea107e07-4507-4189-aa07-445d944d5fce_MasterBedroom-40319,bedroom,double_bed,right,pendant_lamp,3,6,"[0.402459,0.512646,-0.265994]","[-0.878057,2.373279,-0.212547]",1.280516,-1.860633,-0.053447,1.281631,satisfied,1,0,ok,satisfied,none,good,A,,Place a black and white pendant lamp with a metal frame to the left of a double bed.,left dx<0; right dx>0; in_front_of dz>0; behind dz<0; above dy>0; below dy<0; close_to distance_xz<=0.75,collision_gated_floor_prior,151:0:8-6-13,results/floor_prior_remote/bedroom_sgdiffusion_vq_objfeat_epoch_01999_relation_aware_parsed_floor_prior_max1.8_mesh_p2_close0.75_far1.6_eval_cfg1.0_1.0.json,right,0,1,satisfied,not_satisfied,not_satisfied,adjudicated,D,,disagree
EG02-DIN-0001,images/EG02-DIN-0001.jpg,06a619f2-8939-4188-9eb3-ce01717de2b0_DiningRoom-197500,diningroom,wine_cabinet,behind,wine_cabinet,2,2,"[0.029577,1.230626,2.765842]","[0.029577,1.230626,2.765842]",0,0,0,0,not_satisfied,0,0,ok,not_judgable,object,poor,A,,Place a wine cabinet in front of a black and silver mirror wine cabinet.,left dx<0; right dx>0; in_front_of dz>0; behind dz<0; above dy>0; below dy<0; close_to distance_xz<=0.75,collision_gated_floor_prior,4:0:23-7-23,results/floor_prior_remote/diningroom_sgdiffusion_vq_objfeat_epoch_01239_relation_aware_parsed_floor_prior_max1.8_mesh_p2_close0.75_far1.6_eval_cfg1.0_1.0.json,behind,0,0,not_judgable,not_judgable,not_judgable,a_d_agree,,,disagree
EG02-DIN-0002,images/EG02-DIN-0002.jpg,0878fcd8-0934-4298-87a2-9813bd4c19c2_DiningRoom-26805,diningroom,dining_table,behind,dining_chair,1,4,"[4.48574,0.385089,-0.961682]","[3.73574,0.296838,-1.011682]",0.75,0.088252,0.05,0.751665,not_satisfied,0,0,ok,satisfied,none,good,A,,"Set up a black dining chair with a black frame in front of a dining table. Additionally, put a black dining table with a black top to the close right of a dining chair.",left dx<0; right dx>0; in_front_of dz>0; behind dz<0; above dy>0; below dy<0; close_to distance_xz<=0.75,collision_gated_floor_prior,5:0:11-7-10,results/floor_prior_remote/diningroom_sgdiffusion_vq_objfeat_epoch_01239_relation_aware_parsed_floor_prior_max1.8_mesh_p2_close0.75_far1.6_eval_cfg1.0_1.0.json,behind,0,0,satisfied,not_satisfied,satisfied,adjudicated,A,,disagree
EG02-DIN-0003,images/EG02-DIN-0003.jpg,26146707-fd21-4520-b1fb-2ff93b2560e3_LivingDiningRoom-15610,diningroom,dining_table,behind,multi_seat_sofa,14,0,"[0.331744,0.380548,-0.153878]","[1.41404,0.317197,2.043246]",-1.082296,0.063351,-2.197124,2.449228,satisfied,1,1,ok,satisfied,none,good,A,,"Position a grey dining chair with black legs behind a black multi-seat sofa with pillows. Finnally, position a black multi-seat sofa with pillows in front of a black plastic dining table.",left dx<0; right dx>0; in_front_of dz>0; behind dz<0; above dy>0; below dy<0; close_to distance_xz<=0.75,collision_gated_floor_prior,37:1:11-7-16,results/floor_prior_remote/diningroom_sgdiffusion_vq_objfeat_epoch_01239_relation_aware_parsed_floor_prior_max1.8_mesh_p2_close0.75_far1.6_eval_cfg1.0_1.0.json,behind,1,1,satisfied,satisfied,satisfied,a_d_agree,,,agree
EG02-DIN-0004,images/EG02-DIN-0004.jpg,c5c99bbd-e9d2-40ff-b46c-43ed48e08864_LivingDiningRoom-7430,diningroom,loveseat_sofa,behind,pendant_lamp,6,8,"[-0.455612,0.492077,-1.355766]","[0.10682,1.884463,-0.031635]",-0.562431,-1.392386,-1.324131,1.438629,satisfied,1,1,ok,satisfied,none,good,A,,Place a black pendant lamp with hanging balls in front of a brown loveseat sofa.,left dx<0; right dx>0; in_front_of dz>0; behind dz<0; above dy>0; below dy<0; close_to distance_xz<=0.75,collision_gated_floor_prior,150:0:15-7-17,results/floor_prior_remote/diningroom_sgdiffusion_vq_objfeat_epoch_01239_relation_aware_parsed_floor_prior_max1.8_mesh_p2_close0.75_far1.6_eval_cfg1.0_1.0.json,behind,1,1,satisfied,satisfied,satisfied,a_d_agree,,,agree
EG02-DIN-0005,images/EG02-DIN-0005.jpg,ed28807d-83d3-437e-95bd-cf1392ad21e9_DiningRoom-55572,diningroom,loveseat_sofa,behind,console_table,14,10,"[0.675969,0.370004,-1.901498]","[-0.761271,0.408034,0.3914]",1.43724,-0.03803,-2.292898,2.706111,satisfied,1,0,ok,satisfied,none,good,A,,"Put a gray loveseat sofa behind a gray loveseat sofa. Next, arrange a gray loveseat sofa behind a grey console table with metal legs.",left dx<0; right dx>0; in_front_of dz>0; behind dz<0; above dy>0; below dy<0; close_to distance_xz<=0.75,collision_gated_floor_prior,167:1:15-7-7,results/floor_prior_remote/diningroom_sgdiffusion_vq_objfeat_epoch_01239_relation_aware_parsed_floor_prior_max1.8_mesh_p2_close0.75_far1.6_eval_cfg1.0_1.0.json,behind,0,1,satisfied,not_satisfied,not_satisfied,adjudicated,A,,disagree
EG02-DIN-0006,images/EG02-DIN-0006.jpg,08c22a05-81e2-41f4-8e22-c707aa082bdd_DiningRoom-17995,diningroom,dining_table,below,pendant_lamp,8,4,"[-0.134576,0.368535,-0.571122]","[-0.101903,2.081754,-0.609353]",-0.032674,-1.713219,0.038231,0.050291,satisfied,1,1,ok,satisfied,none,good,A,,Position a black pendant lamp with glass shades above a black dining table with a black top.,left dx<0; right dx>0; in_front_of dz>0; behind dz<0; above dy>0; below dy<0; close_to distance_xz<=0.75,collision_gated_floor_prior,6:0:11-5-17,results/floor_prior_remote/diningroom_sgdiffusion_vq_objfeat_epoch_01239_relation_aware_parsed_floor_prior_max1.8_mesh_p2_close0.75_far1.6_eval_cfg1.0_1.0.json,below,1,1,satisfied,satisfied,satisfied,a_d_agree,,,agree
EG02-DIN-0007,images/EG02-DIN-0007.jpg,0a9c667d-033d-448c-b17c-dc55e6d3c386_DiningRoom-11628,diningroom,dining_table,below,pendant_lamp,5,4,"[0.287422,0.378974,0.053735]","[0.358406,2.219806,0.064417]",-0.070984,-1.840832,-0.010682,0.071783,satisfied,1,1,ok,satisfied,none,good,A,,"Place a dining chair closely in front of a dining table. Finnally, put a dining table below a pendant lamp.",left dx<0; right dx>0; in_front_of dz>0; behind dz<0; above dy>0; below dy<0; close_to distance_xz<=0.75,collision_gated_floor_prior,11:1:11-5-17,results/floor_prior_remote/diningroom_sgdiffusion_vq_objfeat_epoch_01239_relation_aware_parsed_floor_prior_max1.8_mesh_p2_close0.75_far1.6_eval_cfg1.0_1.0.json,below,1,1,satisfied,satisfied,satisfied,a_d_agree,,,agree
EG02-DIN-0008,images/EG02-DIN-0008.jpg,0a9c667d-033d-448c-b17c-dc55e6d3c386_DiningRoom-11628,diningroom,dining_table,close to,dining_chair,5,3,"[0.287422,0.378974,0.053735]","[0.04689,0.34614,0.882321]",0.240533,0.032834,-0.828586,0.862792,not_satisfied,1,1,ok,satisfied,none,good,A,,"Place a dining chair closely in front of a dining table. Finnally, put a dining table below a pendant lamp.",left dx<0; right dx>0; in_front_of dz>0; behind dz<0; above dy>0; below dy<0; close_to distance_xz<=0.75,collision_gated_floor_prior,11:0:11-9-10,results/floor_prior_remote/diningroom_sgdiffusion_vq_objfeat_epoch_01239_relation_aware_parsed_floor_prior_max1.8_mesh_p2_close0.75_far1.6_eval_cfg1.0_1.0.json,close_front,1,1,satisfied,not_satisfied,satisfied,adjudicated,A,,disagree
EG02-DIN-0009,images/EG02-DIN-0009.jpg,15bed03e-d66d-4da2-8b8f-7dacde3d3d8b_DiningRoom-35065,diningroom,dining_chair,close to,dining_table,5,1,"[-0.283769,0.429459,0.034578]","[-0.511558,0.361149,0.730068]",0.227789,0.06831,-0.695491,0.731844,satisfied,1,1,ok,satisfied,none,good,A,,"Place a gray dining table with wooden legs closely in front of a gray dining chair with a black seat. Then, arrange a gray dining chair with a black seat closely in front of a gray dining table with wooden legs.",left dx<0; right dx>0; in_front_of dz>0; behind dz<0; above dy>0; below dy<0; close_to distance_xz<=0.75,collision_gated_floor_prior,16:1:10-4-11,results/floor_prior_remote/diningroom_sgdiffusion_vq_objfeat_epoch_01239_relation_aware_parsed_floor_prior_max1.8_mesh_p2_close0.75_far1.6_eval_cfg1.0_1.0.json,close_behind,1,1,satisfied,not_satisfied,satisfied,adjudicated,D,,agree
EG02-DIN-0010,images/EG02-DIN-0010.jpg,1db2e62e-6516-47da-bc4d-6469ba619d2f_LivingDiningRoom-1654,diningroom,dining_table,close to,dining_chair,1,6,"[-2.533192,0.375663,-0.798268]","[-2.246783,0.408278,-0.650813]",-0.286409,-0.032614,-0.147456,0.322139,satisfied,1,1,ok,satisfied,none,good,A,,Put a dining table closely to the left of a gray dining chair with black legs.,left dx<0; right dx>0; in_front_of dz>0; behind dz<0; above dy>0; below dy<0; close_to distance_xz<=0.75,collision_gated_floor_prior,24:0:11-3-10,results/floor_prior_remote/diningroom_sgdiffusion_vq_objfeat_epoch_01239_relation_aware_parsed_floor_prior_max1.8_mesh_p2_close0.75_far1.6_eval_cfg1.0_1.0.json,close_left,1,1,satisfied,satisfied,satisfied,a_d_agree,,,agree
EG02-DIN-0011,images/EG02-DIN-0011.jpg,20e5f2e7-ab26-4119-b16a-5b7282ee0a70_DiningRoom-113004,diningroom,pendant_lamp,close to,lounge_chair,3,1,"[2.064915,1.927589,0.589932]","[2.403632,0.517815,-0.155713]",-0.338717,1.409774,0.745645,0.818973,not_satisfied,1,1,ok,satisfied,none,good,A,,Add a gray lounge chair with a wooden frame in front of a wooden console table with doors. Place a hanging pendant lamp with pots closely in front of a lounge chair.,left dx<0; right dx>0; in_front_of dz>0; behind dz<0; above dy>0; below dy<0; close_to distance_xz<=0.75,collision_gated_floor_prior,27:1:17-4-14,results/floor_prior_remote/diningroom_sgdiffusion_vq_objfeat_epoch_01239_relation_aware_parsed_floor_prior_max1.8_mesh_p2_close0.75_far1.6_eval_cfg1.0_1.0.json,close_behind,1,1,satisfied,not_satisfied,satisfied,adjudicated,A,,disagree
EG02-DIN-0012,images/EG02-DIN-0012.jpg,57aca5c1-cbe5-4df7-922e-6c6cf9ba2a0e_DiningRoom-22308,diningroom,dining_table,close to,dining_chair,12,5,"[2.237332,0.35564,1.379019]","[2.782832,0.446827,1.43904]",-0.545501,-0.091187,-0.060022,0.548793,satisfied,1,1,ok,satisfied,none,good,A,,Position a round dining table with metal base to the close left of a floral dining chair.,left dx<0; right dx>0; in_front_of dz>0; behind dz<0; above dy>0; below dy<0; close_to distance_xz<=0.75,collision_gated_floor_prior,66:0:11-3-10,results/floor_prior_remote/diningroom_sgdiffusion_vq_objfeat_epoch_01239_relation_aware_parsed_floor_prior_max1.8_mesh_p2_close0.75_far1.6_eval_cfg1.0_1.0.json,close_left,1,1,satisfied,satisfied,satisfied,a_d_agree,,,agree
EG02-DIN-0013,images/EG02-DIN-0013.jpg,672b75fe-1120-4627-80a9-5616d99c3423_DiningRoom-24272,diningroom,dining_chair,close to,dining_table,7,6,"[0.867762,0.503155,0.448659]","[0.341235,0.393992,0.541373]",0.526528,0.109163,-0.092714,0.534628,satisfied,1,1,ok,satisfied,none,good,A,,Position a brown dining chair with an upholstered seat closely in front of a flower dining table.,left dx<0; right dx>0; in_front_of dz>0; behind dz<0; above dy>0; below dy<0; close_to distance_xz<=0.75,collision_gated_floor_prior,87:0:10-4-11,results/floor_prior_remote/diningroom_sgdiffusion_vq_objfeat_epoch_01239_relation_aware_parsed_floor_prior_max1.8_mesh_p2_close0.75_far1.6_eval_cfg1.0_1.0.json,close_behind,1,1,satisfied,not_satisfied,satisfied,adjudicated,A,,agree
EG02-DIN-0014,images/EG02-DIN-0014.jpg,9d3329f3-b506-49ce-9edd-ac5155143bf4_DiningRoom-3017,diningroom,pendant_lamp,close to,dining_chair,3,0,"[0.86031,2.029766,1.849292]","[0.758665,0.338455,2.338237]",0.101645,1.691311,-0.488946,0.499399,satisfied,1,0,ok,not_satisfied,none,good,A,,"Position a dining chair closely in front of a black pendant lamp with five lights. Then, place a pendant lamp above a black oval dining table with black legs.",left dx<0; right dx>0; in_front_of dz>0; behind dz<0; above dy>0; below dy<0; close_to distance_xz<=0.75,collision_gated_floor_prior,122:0:17-9-10,results/floor_prior_remote/diningroom_sgdiffusion_vq_objfeat_epoch_01239_relation_aware_parsed_floor_prior_max1.8_mesh_p2_close0.75_far1.6_eval_cfg1.0_1.0.json,close_front,0,1,not_satisfied,satisfied,satisfied,adjudicated,D,,agree
EG02-DIN-0015,images/EG02-DIN-0015.jpg,58064c7d-8e8b-4149-9b3a-672cf22d4733_DiningRoom-11336,diningroom,dining_chair,in front of,dining_chair,0,0,"[-0.320498,0.453342,-0.662897]","[-0.320498,0.453342,-0.662897]",0,0,0,0,not_satisfied,1,1,ok,not_judgable,object,poor,A,,Set up a dining chair behind a floral dining chair. And add a dining table closely to the left of a floral dining chair.,left dx<0; right dx>0; in_front_of dz>0; behind dz<0; above dy>0; below dy<0; close_to distance_xz<=0.75,collision_gated_floor_prior,68:0:10-2-10,results/floor_prior_remote/diningroom_sgdiffusion_vq_objfeat_epoch_01239_relation_aware_parsed_floor_prior_max1.8_mesh_p2_close0.75_far1.6_eval_cfg1.0_1.0.json,in front of,1,1,not_judgable,not_judgable,not_judgable,a_d_agree,,,disagree
EG02-DIN-0016,images/EG02-DIN-0016.jpg,5f86c744-15af-4c99-80ef-b3608aadbf1b_LivingDiningRoom-37641,diningroom,multi_seat_sofa,in front of,0,2,,,,,,,,not_judgable,0,0,missing_pair,not_judgable,object,poor,A,,"Put a brown dining table with a hole to the near left of a grey dining chair with a black upholstered seat. Then, put a gray multi-seat sofa with a black frame in front of a gray armchair with a metal frame.",missing subject/object class in repair boxes,collision_gated_floor_prior,77:1:16-2-0,results/floor_prior_remote/diningroom_sgdiffusion_vq_objfeat_epoch_01239_relation_aware_parsed_floor_prior_max1.8_mesh_p2_close0.75_far1.6_eval_cfg1.0_1.0.json,in front of,0,0,not_judgable,not_judgable,not_judgable,a_d_agree,,,agree
EG02-DIN-0017,images/EG02-DIN-0017.jpg,6060e648-44c6-42d6-a9f4-f58c5bcff70d_LivingDiningRoom-25741,diningroom,coffee_table,in front of,armchair,2,12,"[-0.009492,0.226289,2.307245]","[0.187416,0.463667,3.544404]",-0.196908,-0.237378,-1.237159,1.252731,not_satisfied,0,0,ok,satisfied,none,good,A,,"Position a round end table to the right of a dining table. Then, place a gray striped armchair behind a brown coffee table.",left dx<0; right dx>0; in_front_of dz>0; behind dz<0; above dy>0; below dy<0; close_to distance_xz<=0.75,collision_gated_floor_prior,78:1:6-2-0,results/floor_prior_remote/diningroom_sgdiffusion_vq_objfeat_epoch_01239_relation_aware_parsed_floor_prior_max1.8_mesh_p2_close0.75_far1.6_eval_cfg1.0_1.0.json,in front of,0,0,satisfied,not_satisfied,satisfied,adjudicated,A,,disagree
EG02-DIN-0018,images/EG02-DIN-0018.jpg,6a03badb-61ab-4e22-9564-de2fd2ed1938_DiningRoom-25528,diningroom,dining_chair,in front of,dining_chair,1,1,"[0.256613,0.408175,1.145416]","[0.256613,0.408175,1.145416]",0,0,0,0,not_satisfied,1,1,ok,not_judgable,object,poor,A,,"Put a grey dining chair with wooden legs to the near left of a grey dining table with legs. Then, set up a grey dining chair with wooden legs in front of a dining chair.",left dx<0; right dx>0; in_front_of dz>0; behind dz<0; above dy>0; below dy<0; close_to distance_xz<=0.75,collision_gated_floor_prior,89:1:10-2-10,results/floor_prior_remote/diningroom_sgdiffusion_vq_objfeat_epoch_01239_relation_aware_parsed_floor_prior_max1.8_mesh_p2_close0.75_far1.6_eval_cfg1.0_1.0.json,in front of,1,1,not_judgable,not_judgable,not_judgable,a_d_agree,,,disagree
EG02-DIN-0019,images/EG02-DIN-0019.jpg,b9c1aec3-a600-4084-908a-c351c423a357_LivingDiningRoom-19374,diningroom,15,in front of,8,,,,,,,,,not_judgable,0,0,missing_pair,not_judgable,both,poor,A,,Position a black marble corner side table behind a brown leather loveseat sofa with pillows.,missing subject/object class in repair boxes,collision_gated_floor_prior,139:0:15-2-8,results/floor_prior_remote/diningroom_sgdiffusion_vq_objfeat_epoch_01239_relation_aware_parsed_floor_prior_max1.8_mesh_p2_close0.75_far1.6_eval_cfg1.0_1.0.json,in front of,0,0,not_judgable,not_judgable,not_judgable,a_d_agree,,,agree
EG02-DIN-0020,images/EG02-DIN-0020.jpg,350388e2-7c93-45e9-bcc8-6a0a5165dab0_LivingDiningRoom-34640,diningroom,coffee_table,left,lounge_chair,5,4,"[-0.539227,0.167533,1.724213]","[0.682965,0.392881,1.930249]",-1.222192,-0.225348,-0.206036,1.239437,satisfied,1,0,ok,satisfied,none,good,A,,Position a black coffee table with a lid left of a grey lounge chair with black legs.,left dx<0; right dx>0; in_front_of dz>0; behind dz<0; above dy>0; below dy<0; close_to distance_xz<=0.75,collision_gated_floor_prior,44:0:6-1-14,results/floor_prior_remote/diningroom_sgdiffusion_vq_objfeat_epoch_01239_relation_aware_parsed_floor_prior_max1.8_mesh_p2_close0.75_far1.6_eval_cfg1.0_1.0.json,left,0,1,satisfied,satisfied,satisfied,a_d_agree,,,agree
EG02-DIN-0021,images/EG02-DIN-0021.jpg,544a06d5-aa97-4740-8ef3-ed8520b5226e_LivingDiningRoom-2349,diningroom,armchair,left,multi_seat_sofa,2,1,"[-0.063429,0.443004,3.487455]","[-1.461183,0.421612,1.98294]",1.397754,0.021392,1.504515,2.053602,not_satisfied,0,0,ok,not_satisfied,none,good,A,,"Add a black multi-seat sofa with a cover behind a black wooden armchair. Additionally, set up an armchair left of a black multi-seat sofa with a cover.",left dx<0; right dx>0; in_front_of dz>0; behind dz<0; above dy>0; below dy<0; close_to distance_xz<=0.75,collision_gated_floor_prior,61:1:0-1-16,results/floor_prior_remote/diningroom_sgdiffusion_vq_objfeat_epoch_01239_relation_aware_parsed_floor_prior_max1.8_mesh_p2_close0.75_far1.6_eval_cfg1.0_1.0.json,left,0,0,not_satisfied,not_satisfied,not_satisfied,a_d_agree,,,agree
EG02-DIN-0022,images/EG02-DIN-0022.jpg,70e4c0ab-9ca2-4542-96fd-9355e048db91_LivingDiningRoom-25795,diningroom,dining_table,left,stool,3,5,"[-1.979849,0.357145,0.944673]","[-0.06078,0.233205,0.467277]",-1.919069,0.123939,0.477396,1.977558,satisfied,1,1,ok,satisfied,none,good,A,,Set up a wooden dining table left of a white metal stool.,left dx<0; right dx>0; in_front_of dz>0; behind dz<0; above dy>0; below dy<0; close_to distance_xz<=0.75,collision_gated_floor_prior,95:0:11-1-20,results/floor_prior_remote/diningroom_sgdiffusion_vq_objfeat_epoch_01239_relation_aware_parsed_floor_prior_max1.8_mesh_p2_close0.75_far1.6_eval_cfg1.0_1.0.json,left,1,1,satisfied,satisfied,satisfied,a_d_agree,,,agree
EG02-DIN-0023,images/EG02-DIN-0023.jpg,9a0486c5-58e8-4a77-99de-9c4ea78d39d3_LivingDiningRoom-9632,diningroom,coffee_table,left,cabinet,6,12,"[-0.185044,0.145437,1.454102]","[1.31838,0.496433,0.210534]",-1.503423,-0.350996,1.243567,1.951087,satisfied,1,0,ok,satisfied,none,good,A,,Set up a yellow children cabinet to the right of a coffee table with a drawer and shelf.,left dx<0; right dx>0; in_front_of dz>0; behind dz<0; above dy>0; below dy<0; close_to distance_xz<=0.75,collision_gated_floor_prior,117:0:6-1-2,results/floor_prior_remote/diningroom_sgdiffusion_vq_objfeat_epoch_01239_relation_aware_parsed_floor_prior_max1.8_mesh_p2_close0.75_far1.6_eval_cfg1.0_1.0.json,left,0,1,satisfied,satisfied,satisfied,a_d_agree,,,agree
EG02-DIN-0024,images/EG02-DIN-0024.jpg,9f8f93c4-796c-41ff-863d-c7713981e450_LivingDiningRoom-4027,diningroom,multi_seat_sofa,left,pendant_lamp,6,13,"[2.021626,0.543793,-1.810449]","[1.777232,2.436774,1.487379]",0.244394,-1.892981,-3.297828,3.306871,not_satisfied,0,0,ok,not_satisfied,none,good,A,,"Add a brown dining table with a hole closely to the right of a dining chair. Finnally, put a multi seat sofa to the left of a pendant lamp.",left dx<0; right dx>0; in_front_of dz>0; behind dz<0; above dy>0; below dy<0; close_to distance_xz<=0.75,collision_gated_floor_prior,125:1:16-1-17,results/floor_prior_remote/diningroom_sgdiffusion_vq_objfeat_epoch_01239_relation_aware_parsed_floor_prior_max1.8_mesh_p2_close0.75_far1.6_eval_cfg1.0_1.0.json,left,0,0,not_satisfied,not_satisfied,not_satisfied,a_d_agree,,,agree
EG02-DIN-0025,images/EG02-DIN-0025.jpg,e2d00f14-06f1-4b29-a9a1-f17618a2d7b7_DiningRoom-60525,diningroom,console_table,left,dining_chair,5,3,"[0.602793,0.400737,1.67465]","[-0.54882,0.428767,1.298628]",1.151613,-0.02803,0.376022,1.211447,not_satisfied,0,0,ok,not_satisfied,none,good,A,,Put a wooden console table with glass doors left of a black leather dining chair. Put a marble dining table with two legs and a marble top to the close left of a dining chair.,left dx<0; right dx>0; in_front_of dz>0; behind dz<0; above dy>0; below dy<0; close_to distance_xz<=0.75,collision_gated_floor_prior,162:0:7-1-10,results/floor_prior_remote/diningroom_sgdiffusion_vq_objfeat_epoch_01239_relation_aware_parsed_floor_prior_max1.8_mesh_p2_close0.75_far1.6_eval_cfg1.0_1.0.json,left,0,0,not_satisfied,not_satisfied,not_satisfied,a_d_agree,,,agree
EG02-DIN-0026,images/EG02-DIN-0026.jpg,198eb9ec-9059-4e26-958e-dc8fb8187713_LivingDiningRoom-15286,diningroom,multi_seat_sofa,right,coffee_table,7,9,"[-1.86778,0.46632,1.396592]","[-0.309854,0.316398,1.320719]",-1.557925,0.149922,0.075873,1.559772,not_satisfied,0,0,ok,satisfied,none,good,A,,"Position a brown dining table with metal legs closely behind a grey fabric dining chair. Additionally, arrange a black triangle coffee table with two legs to the left of a black multi-seat sofa with pillows.",left dx<0; right dx>0; in_front_of dz>0; behind dz<0; above dy>0; below dy<0; close_to distance_xz<=0.75,collision_gated_floor_prior,22:1:16-6-6,results/floor_prior_remote/diningroom_sgdiffusion_vq_objfeat_epoch_01239_relation_aware_parsed_floor_prior_max1.8_mesh_p2_close0.75_far1.6_eval_cfg1.0_1.0.json,right,0,0,satisfied,not_satisfied,not_satisfied,adjudicated,D,,agree
EG02-DIN-0027,images/EG02-DIN-0027.jpg,57b535e1-49e2-46f0-a54d-a3e50fe9c413_LivingDiningRoom-2729,diningroom,multi_seat_sofa,right,lounge_chair,10,8,"[2.66006,0.446056,2.067797]","[1.246462,0.572618,0.838322]",1.413598,-0.126562,1.229475,1.873465,satisfied,1,1,ok,satisfied,none,good,A,,"Set up a black marble dining table with two legs to the left of a black storage stool with a lid. Then, add a white multi-seat sofa with pillows right of a lounge chair.",left dx<0; right dx>0; in_front_of dz>0; behind dz<0; above dy>0; below dy<0; close_to distance_xz<=0.75,collision_gated_floor_prior,67:1:16-6-14,results/floor_prior_remote/diningroom_sgdiffusion_vq_objfeat_epoch_01239_relation_aware_parsed_floor_prior_max1.8_mesh_p2_close0.75_far1.6_eval_cfg1.0_1.0.json,right,1,1,satisfied,not_satisfied,satisfied,adjudicated,A,,agree
EG02-DIN-0028,images/EG02-DIN-0028.jpg,6487eb58-d9fa-4a42-afd2-13cba40b71d1_LivingDiningRoom-4693,diningroom,bookshelf,right,dining_chair,13,1,"[1.582974,1.299456,0.397299]","[-0.104759,0.44561,-0.795172]",1.687734,0.853846,1.192471,2.066502,satisfied,1,0,ok,satisfied,none,good,A,,Arrange a black metal dining chair to the left of a black plastic bookshelf with a strip. Position a black marble dining table with a black base right of a black metal dining chair.,left dx<0; right dx>0; in_front_of dz>0; behind dz<0; above dy>0; below dy<0; close_to distance_xz<=0.75,collision_gated_floor_prior,82:0:1-6-10,results/floor_prior_remote/diningroom_sgdiffusion_vq_objfeat_epoch_01239_relation_aware_parsed_floor_prior_max1.8_mesh_p2_close0.75_far1.6_eval_cfg1.0_1.0.json,right,0,1,satisfied,satisfied,satisfied,a_d_agree,,,agree
EG02-DIN-0029,images/EG02-DIN-0029.jpg,6487eb58-d9fa-4a42-afd2-13cba40b71d1_LivingDiningRoom-4693,diningroom,dining_table,right,dining_chair,7,5,"[-0.546063,0.363992,-2.018589]","[-0.865861,0.435968,-1.502961]",0.319798,-0.071977,-0.515628,0.606748,satisfied,1,0,ok,satisfied,none,good,A,,Arrange a black metal dining chair to the left of a black plastic bookshelf with a strip. Position a black marble dining table with a black base right of a black metal dining chair.,left dx<0; right dx>0; in_front_of dz>0; behind dz<0; above dy>0; below dy<0; close_to distance_xz<=0.75,collision_gated_floor_prior,82:1:11-6-10,results/floor_prior_remote/diningroom_sgdiffusion_vq_objfeat_epoch_01239_relation_aware_parsed_floor_prior_max1.8_mesh_p2_close0.75_far1.6_eval_cfg1.0_1.0.json,right,0,1,satisfied,not_satisfied,satisfied,adjudicated,A,,agree
EG02-DIN-0030,images/EG02-DIN-0030.jpg,74fa622c-58f2-4375-b6b5-684659581385_LivingDiningRoom-78283,diningroom,dining_table,right,coffee_table,4,3,"[2.432382,0.469484,1.999876]","[-0.159966,0.200202,1.757343]",2.592348,0.269282,0.242532,2.603669,satisfied,1,0,ok,satisfied,none,good,A,,Add a coffee table with a chess board to the left of a marble dining table with a metal base.,left dx<0; right dx>0; in_front_of dz>0; behind dz<0; above dy>0; below dy<0; close_to distance_xz<=0.75,collision_gated_floor_prior,98:0:11-6-6,results/floor_prior_remote/diningroom_sgdiffusion_vq_objfeat_epoch_01239_relation_aware_parsed_floor_prior_max1.8_mesh_p2_close0.75_far1.6_eval_cfg1.0_1.0.json,right,0,1,satisfied,satisfied,satisfied,a_d_agree,,,agree
EG02-LIV-0001,images/EG02-LIV-0001.jpg,b51e3da5-5d31-4511-882a-e841de457404_LivingDiningRoom-3428,livingroom,pendant_lamp,above,dining_table,4,8,"[1.089534,2.255438,0.50867]","[1.08991,0.458272,0.263132]",-0.000376,1.797166,0.245537,0.245538,satisfied,1,1,ok,satisfied,none,good,A,,Put a black pendant lamp with hanging balls above a dark brown oval dining table with a pedestal base. Position a black pendant lamp with hanging balls right of a blue bookshelf with wine bottles and a bottle of wine.,left dx<0; right dx>0; in_front_of dz>0; behind dz<0; above dy>0; below dy<0; close_to distance_xz<=0.75,collision_gated_floor_prior,136:0:17-0-11,results/floor_prior_remote/livingroom_sgdiffusion_vq_objfeat_epoch_01459_relation_aware_parsed_floor_prior_max1.8_mesh_p2_close0.75_far1.6_eval_cfg1.0_1.0.json,above,1,1,satisfied,satisfied,satisfied,a_d_agree,,,agree
EG02-LIV-0002,images/EG02-LIV-0002.jpg,ce377776-581d-4b4c-807f-e63f7473e9b3_LivingDiningRoom-276836,livingroom,pendant_lamp,above,dining_table,16,15,"[2.093627,2.222028,-0.061656]","[-2.940858,0.443699,0.013961]",5.034485,1.778329,-0.075617,5.035053,satisfied,0,0,ok,satisfied,none,good,A,,Install a pendant lamp above a dining table.,left dx<0; right dx>0; in_front_of dz>0; behind dz<0; above dy>0; below dy<0; close_to distance_xz<=0.75,collision_gated_floor_prior,160:0:17-0-11,results/floor_prior_remote/livingroom_sgdiffusion_vq_objfeat_epoch_01459_relation_aware_parsed_floor_prior_max1.8_mesh_p2_close0.75_far1.6_eval_cfg1.0_1.0.json,above,0,0,satisfied,satisfied,satisfied,a_d_agree,,,agree
EG02-LIV-0003,images/EG02-LIV-0003.jpg,3c47589f-313d-4bac-abee-830161a278f0_LivingDiningRoom-109935,livingroom,dining_table,behind,tv_stand,0,6,"[-0.210389,0.37538,-1.491096]","[0.756619,0.206678,1.240661]",-0.967009,0.168702,-2.731756,2.897861,satisfied,1,0,ok,satisfied,none,good,A,,"Add a grey tv stand with a drawer in front of a grey dining table with a metal base. Then, set up a grey dining table with a metal base behind a gray marble coffee table with two legs.",left dx<0; right dx>0; in_front_of dz>0; behind dz<0; above dy>0; below dy<0; close_to distance_xz<=0.75,collision_gated_floor_prior,46:0:11-7-21,results/floor_prior_remote/livingroom_sgdiffusion_vq_objfeat_epoch_01459_relation_aware_parsed_floor_prior_max1.8_mesh_p2_close0.75_far1.6_eval_cfg1.0_1.0.json,behind,0,1,satisfied,satisfied,satisfied,a_d_agree,,,agree
EG02-LIV-0004,images/EG02-LIV-0004.jpg,3fc88ba8-7ea3-4653-892f-83667812c78a_LivingDiningRoom-76396,livingroom,loveseat_sofa,behind,corner_side_table,2,1,"[2.066988,0.494028,-2.7362]","[0.596619,0.257336,-2.543209]",1.470369,0.236692,-0.192991,1.48298,satisfied,1,1,ok,satisfied,none,good,A,,Place a gray loveseat sofa with pillows behind a corner side table with a square top and a hole in the middle.,left dx<0; right dx>0; in_front_of dz>0; behind dz<0; above dy>0; below dy<0; close_to distance_xz<=0.75,collision_gated_floor_prior,49:0:15-7-8,results/floor_prior_remote/livingroom_sgdiffusion_vq_objfeat_epoch_01459_relation_aware_parsed_floor_prior_max1.8_mesh_p2_close0.75_far1.6_eval_cfg1.0_1.0.json,behind,1,1,satisfied,not_satisfied,satisfied,adjudicated,A,,agree
EG02-LIV-0005,images/EG02-LIV-0005.jpg,47230ba1-5a12-450a-80da-80527cc31c35_LivingDiningRoom-6087,livingroom,tv_stand,behind,10,7,,,,,,,,not_judgable,0,0,missing_pair,not_judgable,object,poor,A,,Place a brown wooden tv stand behind a wooden dining chair with a wooden seat. And hang a ceiling lamp to the left of a loveseat sofa.,missing subject/object class in repair boxes,collision_gated_floor_prior,52:0:21-7-10,results/floor_prior_remote/livingroom_sgdiffusion_vq_objfeat_epoch_01459_relation_aware_parsed_floor_prior_max1.8_mesh_p2_close0.75_far1.6_eval_cfg1.0_1.0.json,behind,0,0,not_judgable,not_judgable,not_judgable,a_d_agree,,,agree
EG02-LIV-0006,images/EG02-LIV-0006.jpg,70e4c0ab-9ca2-4542-96fd-9355e048db91_LivingDiningRoom-25795,livingroom,multi_seat_sofa,behind,pendant_lamp,10,4,"[0.928302,0.402908,-0.798448]","[0.828755,2.261618,0.672643]",0.099547,-1.858709,-1.471091,1.474455,satisfied,1,1,ok,satisfied,none,good,A,,Place a multi-seat sofa with pillows behind a black and white pendant lamp with hanging balls.,left dx<0; right dx>0; in_front_of dz>0; behind dz<0; above dy>0; below dy<0; close_to distance_xz<=0.75,collision_gated_floor_prior,88:0:16-7-17,results/floor_prior_remote/livingroom_sgdiffusion_vq_objfeat_epoch_01459_relation_aware_parsed_floor_prior_max1.8_mesh_p2_close0.75_far1.6_eval_cfg1.0_1.0.json,behind,1,1,satisfied,satisfied,satisfied,a_d_agree,,,agree
EG02-LIV-0007,images/EG02-LIV-0007.jpg,f89c8def-be8d-4a45-948e-714938ca5550_LivingDiningRoom-16828,livingroom,dining_table,behind,dining_chair,6,5,"[2.467443,0.357269,0.808218]","[2.628506,0.245972,1.432619]",-0.161063,0.111297,-0.624401,0.64484,satisfied,1,0,ok,satisfied,none,good,A,,"Arrange a black dining chair in front of a dining table. Then, place a dining table closely in front of a blue multi-seat sofa with pillows.",left dx<0; right dx>0; in_front_of dz>0; behind dz<0; above dy>0; below dy<0; close_to distance_xz<=0.75,collision_gated_floor_prior,189:0:11-7-10,results/floor_prior_remote/livingroom_sgdiffusion_vq_objfeat_epoch_01459_relation_aware_parsed_floor_prior_max1.8_mesh_p2_close0.75_far1.6_eval_cfg1.0_1.0.json,behind,0,1,satisfied,not_satisfied,not_satisfied,adjudicated,D,,disagree
EG02-LIV-0008,images/EG02-LIV-0008.jpg,0c1f82d4-6aa2-401f-ae0d-f053a024aa3b_LivingDiningRoom-248,livingroom,dining_table,below,pendant_lamp,3,8,"[-0.246036,0.644449,2.005555]","[0.399684,2.140379,2.019834]",-0.645719,-1.49593,-0.014279,0.645877,satisfied,1,1,ok,satisfied,none,good,A,,"Arrange a black dining table with four legs to the left of a dining chair. Finnally, install a black pendant lamp with a shade above a dining table.",left dx<0; right dx>0; in_front_of dz>0; behind dz<0; above dy>0; below dy<0; close_to distance_xz<=0.75,collision_gated_floor_prior,11:1:11-5-17,results/floor_prior_remote/livingroom_sgdiffusion_vq_objfeat_epoch_01459_relation_aware_parsed_floor_prior_max1.8_mesh_p2_close0.75_far1.6_eval_cfg1.0_1.0.json,below,1,1,satisfied,satisfied,satisfied,a_d_agree,,,agree
EG02-LIV-0009,images/EG02-LIV-0009.jpg,53ac3d02-ed9a-4d4e-8982-e1b44dc8d5ec_LivingDiningRoom-19339,livingroom,coffee_table,below,pendant_lamp,5,9,"[-0.271722,0.145101,-1.89036]","[-0.170221,2.342683,-1.815115]",-0.101501,-2.197583,-0.075245,0.126349,satisfied,1,1,ok,satisfied,none,good,A,,Set up a black pendant lamp with black balls above a black coffee table with two shelves.,left dx<0; right dx>0; in_front_of dz>0; behind dz<0; above dy>0; below dy<0; close_to distance_xz<=0.75,collision_gated_floor_prior,63:0:6-5-17,results/floor_prior_remote/livingroom_sgdiffusion_vq_objfeat_epoch_01459_relation_aware_parsed_floor_prior_max1.8_mesh_p2_close0.75_far1.6_eval_cfg1.0_1.0.json,below,1,1,satisfied,satisfied,satisfied,a_d_agree,,,agree
EG02-LIV-0010,images/EG02-LIV-0010.jpg,23608ced-9c2c-4d17-b7a8-4e3656d2acca_LivingDiningRoom-21234,livingroom,dining_table,close to,dining_chair,1,4,"[0.410061,0.370864,-1.487509]","[0.735825,0.427007,-1.266391]",-0.325764,-0.056143,-0.221118,0.39372,satisfied,1,1,ok,satisfied,none,good,A,,Place a dining chair to the close right of a dining table. And add a dining table behind a grey dining chair with wooden legs.,left dx<0; right dx>0; in_front_of dz>0; behind dz<0; above dy>0; below dy<0; close_to distance_xz<=0.75,collision_gated_floor_prior,35:0:11-3-10,results/floor_prior_remote/livingroom_sgdiffusion_vq_objfeat_epoch_01459_relation_aware_parsed_floor_prior_max1.8_mesh_p2_close0.75_far1.6_eval_cfg1.0_1.0.json,close_left,1,1,satisfied,not_satisfied,satisfied,adjudicated,A,,agree
EG02-LIV-0011,images/EG02-LIV-0011.jpg,23a5fa77-0aa5-45f4-8399-3265005b1def_LivingDiningRoom-106046,livingroom,11,close to,dining_chair,,5,,,,,,,not_judgable,0,0,missing_pair,not_judgable,object,poor,A,,"Set up a brass pendant lamp with five lights above a marble dining table with two legs and a marble top. Finnally, add a marble dining table with two legs and a marble top to the close left of a black leather dining chair.",missing subject/object class in repair boxes,collision_gated_floor_prior,36:1:11-3-10,results/floor_prior_remote/livingroom_sgdiffusion_vq_objfeat_epoch_01459_relation_aware_parsed_floor_prior_max1.8_mesh_p2_close0.75_far1.6_eval_cfg1.0_1.0.json,close_left,0,0,not_judgable,not_judgable,not_judgable,a_d_agree,,,agree
EG02-LIV-0012,images/EG02-LIV-0012.jpg,7cbabe0c-5239-4e90-95cb-5c79adb0ede6_LivingDiningRoom-76216,livingroom,dining_table,close to,dining_chair,8,12,"[-1.839274,0.36348,-1.626111]","[-2.045906,0.445898,-0.95514]",0.206632,-0.082418,-0.670971,0.702068,satisfied,1,1,ok,satisfied,none,good,A,,"Position a black marble dining table with two legs closely behind a dining chair. Next, add a black marble dining table with two legs closely in front of a tufted dining chair.",left dx<0; right dx>0; in_front_of dz>0; behind dz<0; above dy>0; below dy<0; close_to distance_xz<=0.75,collision_gated_floor_prior,99:1:11-4-10,results/floor_prior_remote/livingroom_sgdiffusion_vq_objfeat_epoch_01459_relation_aware_parsed_floor_prior_max1.8_mesh_p2_close0.75_far1.6_eval_cfg1.0_1.0.json,close_behind,1,1,satisfied,not_satisfied,satisfied,adjudicated,A,,agree
EG02-LIV-0013,images/EG02-LIV-0013.jpg,e52eb1b0-a8fb-4b1c-873d-5d962259a904_LivingRoom-2410,livingroom,dining_table,close to,dining_chair,14,9,"[-1.045238,0.262649,-2.363428]","[-0.902115,0.472971,-3.032572]",-0.143123,-0.210322,0.669144,0.684279,satisfied,1,1,ok,satisfied,none,good,A,,"Set up a wooden coffee table with drawers closely to the right of a multi-seat sofa with wheels and pillows. Then, add a blue and brown dining table with a runner to the near left of a brown dining chair with an upholstered seat.",left dx<0; right dx>0; in_front_of dz>0; behind dz<0; above dy>0; below dy<0; close_to distance_xz<=0.75,collision_gated_floor_prior,177:1:11-3-10,results/floor_prior_remote/livingroom_sgdiffusion_vq_objfeat_epoch_01459_relation_aware_parsed_floor_prior_max1.8_mesh_p2_close0.75_far1.6_eval_cfg1.0_1.0.json,close_left,1,1,satisfied,satisfied,satisfied,a_d_agree,,,agree
EG02-LIV-0014,images/EG02-LIV-0014.jpg,0f5b9b03-c5f7-4172-9386-4805616025b5_LivingDiningRoom-20097,livingroom,coffee_table,in front of,tv_stand,2,4,"[1.154308,0.136317,0.166435]","[1.236427,0.087595,-1.61446]",-0.082119,0.048722,1.780895,1.782787,satisfied,1,1,ok,satisfied,none,good,A,,"Set up a grey and white tv stand with drawers behind a black coffee table with a lid. Then, arrange a black coffee table with a lid right of a black corner side table with a round base.",left dx<0; right dx>0; in_front_of dz>0; behind dz<0; above dy>0; below dy<0; close_to distance_xz<=0.75,collision_gated_floor_prior,16:0:6-2-21,results/floor_prior_remote/livingroom_sgdiffusion_vq_objfeat_epoch_01459_relation_aware_parsed_floor_prior_max1.8_mesh_p2_close0.75_far1.6_eval_cfg1.0_1.0.json,in front of,1,1,satisfied,satisfied,satisfied,a_d_agree,,,agree
EG02-LIV-0015,images/EG02-LIV-0015.jpg,4b54eac7-33c2-4f5a-9fa4-44bda75d881e_LivingDiningRoom-19270,livingroom,loveseat_sofa,in front of,corner_side_table,1,8,"[2.232644,0.459541,1.593918]","[0.045018,0.201738,1.657803]",2.187625,0.257804,-0.063886,2.188558,not_satisfied,0,0,ok,not_satisfied,none,good,A,,Put a black dining table with a black top in front of a lounge chair. And position a corner side table behind a black loveseat sofa.,left dx<0; right dx>0; in_front_of dz>0; behind dz<0; above dy>0; below dy<0; close_to distance_xz<=0.75,collision_gated_floor_prior,56:1:15-2-8,results/floor_prior_remote/livingroom_sgdiffusion_vq_objfeat_epoch_01459_relation_aware_parsed_floor_prior_max1.8_mesh_p2_close0.75_far1.6_eval_cfg1.0_1.0.json,in front of,0,0,not_satisfied,not_satisfied,not_satisfied,a_d_agree,,,agree
EG02-LIV-0016,images/EG02-LIV-0016.jpg,905ccf24-697b-4bb5-8c53-def619d16327_LivingDiningRoom-6844,livingroom,multi_seat_sofa,in front of,coffee_table,0,1,"[-2.082055,0.465241,0.287211]","[-2.144883,0.2178,-0.779002]",0.062827,0.247441,1.066213,1.068062,satisfied,1,0,ok,satisfied,none,good,A,,Set up a silver flower coffee table runner behind a multi seat sofa. Add a silver pendant lamp with five lamps behind a patterned dining chair.,left dx<0; right dx>0; in_front_of dz>0; behind dz<0; above dy>0; below dy<0; close_to distance_xz<=0.75,collision_gated_floor_prior,113:0:16-2-6,results/floor_prior_remote/livingroom_sgdiffusion_vq_objfeat_epoch_01459_relation_aware_parsed_floor_prior_max1.8_mesh_p2_close0.75_far1.6_eval_cfg1.0_1.0.json,in front of,0,1,satisfied,satisfied,satisfied,a_d_agree,,,agree
EG02-LIV-0017,images/EG02-LIV-0017.jpg,b9d17d23-66f0-445d-acb7-f11887cc4f7f_LivingDiningRoom-192367,livingroom,pendant_lamp,in front of,coffee_table,0,4,"[-0.116225,2.157466,-1.461418]","[0.239082,0.350367,-0.399992]",-0.355307,1.807099,-1.061426,1.119316,not_satisfied,1,0,ok,not_satisfied,none,good,A,,Arrange a coffee table with headphones and a book behind a pendant lamp with a network of dots.,left dx<0; right dx>0; in_front_of dz>0; behind dz<0; above dy>0; below dy<0; close_to distance_xz<=0.75,collision_gated_floor_prior,141:0:17-2-6,results/floor_prior_remote/livingroom_sgdiffusion_vq_objfeat_epoch_01459_relation_aware_parsed_floor_prior_max1.8_mesh_p2_close0.75_far1.6_eval_cfg1.0_1.0.json,in front of,0,1,not_satisfied,not_satisfied,not_satisfied,a_d_agree,,,agree
EG02-LIV-0018,images/EG02-LIV-0018.jpg,df5e8b99-2ccc-4d27-89d8-094cf83706f9_LivingDiningRoom-838,livingroom,loveseat_sofa,in front of,pendant_lamp,8,0,"[-2.475111,0.408165,1.885062]","[1.259237,2.627926,1.224533]",-3.734348,-2.219761,0.660529,3.792315,satisfied,0,0,ok,not_judgable,subject,poor,A,,Set up a loveseat sofa with pillows in front of a pendant lamp. And add a square coffee table with drawers behind a loveseat sofa.,left dx<0; right dx>0; in_front_of dz>0; behind dz<0; above dy>0; below dy<0; close_to distance_xz<=0.75,collision_gated_floor_prior,174:0:15-2-17,results/floor_prior_remote/livingroom_sgdiffusion_vq_objfeat_epoch_01459_relation_aware_parsed_floor_prior_max1.8_mesh_p2_close0.75_far1.6_eval_cfg1.0_1.0.json,in front of,0,0,not_judgable,not_judgable,not_judgable,a_d_agree,,,disagree
EG02-LIV-0019,images/EG02-LIV-0019.jpg,ea497775-7cb7-4f4d-ad49-eeae6970961d_LivingRoom-4789,livingroom,dining_table,in front of,console_table,7,3,"[-0.823632,0.384181,1.790083]","[-1.89812,0.527751,0.468329]",1.074488,-0.14357,1.321754,1.703396,satisfied,1,1,ok,satisfied,none,good,A,,"Position a black console table with glass top and two doors behind a black and brown dining table with black legs. Next, arrange a dining chair closely behind a black and brown dining table with black legs.",left dx<0; right dx>0; in_front_of dz>0; behind dz<0; above dy>0; below dy<0; close_to distance_xz<=0.75,collision_gated_floor_prior,182:0:11-2-7,results/floor_prior_remote/livingroom_sgdiffusion_vq_objfeat_epoch_01459_relation_aware_parsed_floor_prior_max1.8_mesh_p2_close0.75_far1.6_eval_cfg1.0_1.0.json,in front of,1,1,satisfied,satisfied,satisfied,a_d_agree,,,agree
EG02-LIV-0020,images/EG02-LIV-0020.jpg,1cc0fd55-1c5a-4885-a2de-f30c6d387353_LivingRoom-33324,livingroom,loveseat_sofa,left,pendant_lamp,1,13,"[-0.148818,0.461676,3.706329]","[0.053988,2.177536,2.255582]",-0.202806,-1.71586,1.450747,1.464854,satisfied,1,1,ok,satisfied,none,good,A,,"Position a black flower pendant lamp to the right of a brown loveseat sofa with a wooden frame. Finnally, set up a tv stand right of a lounge armchair.",left dx<0; right dx>0; in_front_of dz>0; behind dz<0; above dy>0; below dy<0; close_to distance_xz<=0.75,collision_gated_floor_prior,32:0:15-1-17,results/floor_prior_remote/livingroom_sgdiffusion_vq_objfeat_epoch_01459_relation_aware_parsed_floor_prior_max1.8_mesh_p2_close0.75_far1.6_eval_cfg1.0_1.0.json,left,1,1,satisfied,not_satisfied,satisfied,adjudicated,A,,agree
EG02-LIV-0021,images/EG02-LIV-0021.jpg,4b18584d-3740-40f7-b344-5fbd98858ed8_LivingRoom-88425,livingroom,15,left,tv_stand,,10,,,,,,,not_judgable,0,0,missing_pair,not_judgable,subject,poor,A,,Place a loveseat sofa left of a blue tv stand with drawers. And set up a black dining table with metal plates closely right of a dining chair.,missing subject/object class in repair boxes,collision_gated_floor_prior,55:0:15-1-21,results/floor_prior_remote/livingroom_sgdiffusion_vq_objfeat_epoch_01459_relation_aware_parsed_floor_prior_max1.8_mesh_p2_close0.75_far1.6_eval_cfg1.0_1.0.json,left,0,0,not_judgable,not_judgable,not_judgable,a_d_agree,,,agree
EG02-LIV-0022,images/EG02-LIV-0022.jpg,82d13473-977b-457d-9e8a-6604dfe72c89_LivingDiningRoom-8375,livingroom,dining_table,left,coffee_table,7,3,"[1.156697,0.36741,1.00926]","[-0.828945,0.469307,-0.000101]",1.985642,-0.101897,1.009361,2.227461,not_satisfied,0,0,ok,not_satisfied,none,good,A,,"Place a blue multi-seat sofa with pillows behind a corner side table. Next, place a black glass dining table with a metal base left of a coffee table.",left dx<0; right dx>0; in_front_of dz>0; behind dz<0; above dy>0; below dy<0; close_to distance_xz<=0.75,collision_gated_floor_prior,101:1:11-1-6,results/floor_prior_remote/livingroom_sgdiffusion_vq_objfeat_epoch_01459_relation_aware_parsed_floor_prior_max1.8_mesh_p2_close0.75_far1.6_eval_cfg1.0_1.0.json,left,0,0,not_satisfied,not_satisfied,not_satisfied,a_d_agree,,,agree
EG02-LIV-0023,images/EG02-LIV-0023.jpg,9c164b35-f1f3-4ae5-bbfa-5003672ac1d8_LivingDiningRoom-8304,livingroom,multi_seat_sofa,left,coffee_table,7,1,"[2.247227,0.444388,1.984644]","[3.170455,0.174569,1.333159]",-0.923228,0.26982,0.651485,1.129948,satisfied,1,0,ok,satisfied,none,good,A,,Place a grey corner side table with a wooden top in front of an armchair. And position a gray coffee table with a black top to the right of a multi seat sofa.,left dx<0; right dx>0; in_front_of dz>0; behind dz<0; above dy>0; below dy<0; close_to distance_xz<=0.75,collision_gated_floor_prior,120:1:16-1-6,results/floor_prior_remote/livingroom_sgdiffusion_vq_objfeat_epoch_01459_relation_aware_parsed_floor_prior_max1.8_mesh_p2_close0.75_far1.6_eval_cfg1.0_1.0.json,left,0,1,satisfied,satisfied,satisfied,a_d_agree,,,agree
EG02-LIV-0024,images/EG02-LIV-0024.jpg,1cc0fd55-1c5a-4885-a2de-f30c6d387353_LivingRoom-33324,livingroom,tv_stand,right,armchair,8,4,"[1.757007,0.269669,2.162889]","[-0.032082,0.379057,0.628837]",1.789088,-0.109387,1.534053,2.356725,satisfied,1,0,ok,satisfied,none,good,A,,"Position a black flower pendant lamp to the right of a brown loveseat sofa with a wooden frame. Finnally, set up a tv stand right of a lounge armchair.",left dx<0; right dx>0; in_front_of dz>0; behind dz<0; above dy>0; below dy<0; close_to distance_xz<=0.75,collision_gated_floor_prior,32:1:21-6-0,results/floor_prior_remote/livingroom_sgdiffusion_vq_objfeat_epoch_01459_relation_aware_parsed_floor_prior_max1.8_mesh_p2_close0.75_far1.6_eval_cfg1.0_1.0.json,right,0,1,satisfied,satisfied,satisfied,a_d_agree,,,agree
EG02-LIV-0025,images/EG02-LIV-0025.jpg,258b12fb-08e1-43df-a3dd-d88793d32621_LivingDiningRoom-35273,livingroom,coffee_table,right,armchair,4,8,"[-1.52625,0.225376,-0.008956]","[-2.799108,0.368676,-0.286159]",1.272858,-0.1433,0.277203,1.302693,satisfied,1,1,ok,satisfied,none,good,A,,"Put an armchair left of a coffee table. Finnally, arrange a silver flower coffee table runner closely behind a multi-seat sofa with pillows.",left dx<0; right dx>0; in_front_of dz>0; behind dz<0; above dy>0; below dy<0; close_to distance_xz<=0.75,collision_gated_floor_prior,38:0:6-6-0,results/floor_prior_remote/livingroom_sgdiffusion_vq_objfeat_epoch_01459_relation_aware_parsed_floor_prior_max1.8_mesh_p2_close0.75_far1.6_eval_cfg1.0_1.0.json,right,1,1,satisfied,satisfied,satisfied,a_d_agree,,,agree
EG02-LIV-0026,images/EG02-LIV-0026.jpg,b51e3da5-5d31-4511-882a-e841de457404_LivingDiningRoom-3428,livingroom,pendant_lamp,right,bookshelf,4,6,"[1.089534,2.255438,0.50867]","[2.543902,0.507619,0.192075]",-1.454368,1.747819,0.316595,1.488428,not_satisfied,0,0,ok,not_satisfied,none,good,A,,Put a black pendant lamp with hanging balls above a dark brown oval dining table with a pedestal base. Position a black pendant lamp with hanging balls right of a blue bookshelf with wine bottles and a bottle of wine.,left dx<0; right dx>0; in_front_of dz>0; behind dz<0; above dy>0; below dy<0; close_to distance_xz<=0.75,collision_gated_floor_prior,136:1:17-6-1,results/floor_prior_remote/livingroom_sgdiffusion_vq_objfeat_epoch_01459_relation_aware_parsed_floor_prior_max1.8_mesh_p2_close0.75_far1.6_eval_cfg1.0_1.0.json,right,0,0,not_satisfied,not_satisfied,not_satisfied,a_d_agree,,,agree
EG02-LIV-0027,images/EG02-LIV-0027.jpg,c0de5219-e186-4e77-9b84-394940d6460b_LivingRoom-5361,livingroom,armchair,right,coffee_table,8,3,"[0.12987,0.403099,-0.954697]","[-0.761849,0.107057,-1.59197]",0.891719,0.296042,0.637273,1.096029,satisfied,1,0,ok,satisfied,none,good,A,,"Add a coffee table left of an armchair. Then, position a black coffee table with round discs left of a wooden bookshelf with drawers.",left dx<0; right dx>0; in_front_of dz>0; behind dz<0; above dy>0; below dy<0; close_to distance_xz<=0.75,collision_gated_floor_prior,149:0:0-6-6,results/floor_prior_remote/livingroom_sgdiffusion_vq_objfeat_epoch_01459_relation_aware_parsed_floor_prior_max1.8_mesh_p2_close0.75_far1.6_eval_cfg1.0_1.0.json,right,0,1,satisfied,satisfied,satisfied,a_d_agree,,,agree
EG02-LIV-0028,images/EG02-LIV-0028.jpg,c9f70be8-2021-4fb1-b599-da3b4e184543_LivingDiningRoom-941,livingroom,dining_table,right,console_table,6,15,"[-1.496055,0.436286,0.929148]","[-2.36367,0.356338,1.73905]",0.867615,0.079948,-0.809901,1.186885,satisfied,1,0,ok,satisfied,none,good,A,,"Add a black and white tufted stool with silver studs to the right of a dining table. Next, add a dining table to the right of a blue and white console table with blue top.",left dx<0; right dx>0; in_front_of dz>0; behind dz<0; above dy>0; below dy<0; close_to distance_xz<=0.75,collision_gated_floor_prior,154:1:11-6-7,results/floor_prior_remote/livingroom_sgdiffusion_vq_objfeat_epoch_01459_relation_aware_parsed_floor_prior_max1.8_mesh_p2_close0.75_far1.6_eval_cfg1.0_1.0.json,right,0,1,satisfied,satisfied,satisfied,a_d_agree,,,agree
EG02-LIV-0029,images/EG02-LIV-0029.jpg,e892807a-549e-4a8f-855b-075fa1b70c9f_LivingDiningRoom-19931,livingroom,dining_table,right,chinese_chair,13,8,"[2.858948,0.362185,-1.429123]","[0.175778,0.444245,-0.587577]",2.683171,-0.08206,-0.841546,2.812046,satisfied,1,1,ok,satisfied,none,good,A,,"Put a black leather dining chair in front of a loveseat sofa. Finnally, position a black circular dining table right of a classic chinese chair with a cushion.",left dx<0; right dx>0; in_front_of dz>0; behind dz<0; above dy>0; below dy<0; close_to distance_xz<=0.75,collision_gated_floor_prior,181:1:11-6-5,results/floor_prior_remote/livingroom_sgdiffusion_vq_objfeat_epoch_01459_relation_aware_parsed_floor_prior_max1.8_mesh_p2_close0.75_far1.6_eval_cfg1.0_1.0.json,right,1,1,satisfied,not_satisfied,satisfied,adjudicated,A,,agree
EG02-LIV-0030,images/EG02-LIV-0030.jpg,f01d52ec-ff3e-4157-b0bc-9c29e849f03c_LivingDiningRoom-24470,livingroom,dining_table,right,dining_chair,9,12,"[-1.645704,0.367765,0.476985]","[-0.896089,0.563808,0.433984]",-0.749615,-0.196043,0.043001,0.750847,not_satisfied,1,1,ok,satisfied,none,good,A,,"Add a black and brown dining table with black legs right of a dining chair. Finnally, arrange a pendant lamp above a black and brown dining table with black legs.",left dx<0; right dx>0; in_front_of dz>0; behind dz<0; above dy>0; below dy<0; close_to distance_xz<=0.75,collision_gated_floor_prior,186:0:11-6-10,results/floor_prior_remote/livingroom_sgdiffusion_vq_objfeat_epoch_01459_relation_aware_parsed_floor_prior_max1.8_mesh_p2_close0.75_far1.6_eval_cfg1.0_1.0.json,right,1,1,satisfied,satisfied,satisfied,a_d_agree,,,disagree
